t,wind_direction,wind_direction_quality,wind_speed,wind_speed_quality,air_temperature,air_temperature_quality,dew_point,dew_point_quality,air_pressure_at_sea_level,air_pressure_at_sea_level_quality,rainfall_1,rainfall_1_quality,rainfall_1_period
1996-08-15T03:14Z,0.349065850398866,1,2.1,1,15,1,9,1,,9,,,
1996-08-16T00:14Z,,1,0,1,19,1,9,1,,9,,,
1996-08-16T01:14Z,0.349065850398866,1,2.6,1,18,1,9,1,,9,,,
1996-08-16T02:14Z,1.0471975511966,1,1.5,1,18,1,9,1,,9,,,
1996-08-16T03:14Z,,1,0,1,17,1,8,1,,9,,,
1996-08-16T04:14Z,,1,0,1,16,1,8,1,,9,,,
1996-08-16T05:14Z,2.79252680319093,1,2.6,1,12,1,7,1,,9,,,
1996-08-16T06:14Z,3.66519142918809,1,2.1,1,9,1,5,1,,9,,,
1996-08-16T06:34Z,2.96705972839036,1,1.5,1,9,1,6,1,,9,,,
1996-08-16T08:14Z,3.83972435438753,1,1.5,1,8,1,5,1,,9,,,
1996-08-16T09:14Z,3.14159265358979,1,1.5,1,8,1,6,1,,9,,,
1996-08-16T10:14Z,,1,0,1,7,1,5,1,,9,,,
1996-08-16T11:14Z,,1,0,1,8,1,6,1,,9,,,
1996-08-16T12:14Z,,1,0,1,8,1,5,1,,9,,,
1996-08-16T14:14Z,,1,0,1,8,1,7,1,,9,,,
1996-08-16T15:14Z,3.66519142918809,1,1.5,1,9,1,5,1,,9,,,
1996-08-16T16:14Z,,1,0,1,9,1,7,1,,9,,,
1996-08-16T17:14Z,,1,0,1,11,1,7,1,,9,,,
1996-08-16T17:54Z,1.5707963267949,1,1.5,1,12,1,7,1,,9,,,
1996-08-16T18:34Z,0.698131700797732,1,1.5,1,13,1,7,1,,9,,,
1996-08-16T19:54Z,,1,0,1,15,1,9,1,,9,,,
1996-08-16T21:14Z,0.523598775598299,1,2.1,1,14,1,8,1,,9,,,
1996-08-16T21:54Z,,1,0,1,16,1,9,1,,9,,,
1996-08-16T23:15Z,0,1,2.1,1,16,1,8,1,,9,,,
1996-08-16T23:35Z,,1,0,1,16,1,8,1,,9,,,
1996-08-17T00:35Z,,1,0,1,16,1,8,1,,9,,,
1996-08-17T01:34Z,2.79252680319093,1,1.5,1,15,1,8,1,,9,,,
1996-08-17T02:34Z,,1,0,1,14,1,9,1,,9,,,
1996-08-17T04:14Z,,1,0,1,13,1,7,1,,9,,,
1996-08-17T04:34Z,,1,0,1,12,1,7,1,,9,,,
1996-08-17T05:34Z,2.96705972839036,1,1.5,1,12,1,8,1,,9,,,
1996-08-17T08:54Z,,1,0,1,10,1,7,1,,9,,,
1996-08-17T10:14Z,,1,0,1,9,1,7,1,,9,,,
1996-08-17T15:14Z,,1,0,1,8,1,6,1,,9,,,
1996-08-18T11:15Z,,1,0,1,9,1,6,1,,9,,,
1996-08-18T12:15Z,,1,0,1,8,1,5,1,,9,,,
1996-08-18T12:54Z,,1,0,1,8,1,6,1,,9,,,
1996-08-18T14:14Z,,1,0,1,8,1,5,1,,9,,,
1996-08-18T21:14Z,0.349065850398866,1,3.6,1,16,1,9,1,,9,,,
1996-08-18T22:14Z,1.22173047639603,1,2.1,1,18,1,10,1,,9,,,
1996-08-19T09:14Z,2.96705972839036,1,2.6,1,7,1,4,1,,9,,,
1996-08-19T10:14Z,2.96705972839036,1,2.1,1,7,1,4,1,,9,,,
1996-08-19T10:34Z,,1,0,1,7,1,4,1,,9,,,
1996-08-19T11:34Z,,1,0,1,7,1,5,1,,9,,,
1996-08-19T12:34Z,,1,0,1,6,1,4,1,,9,,,
1996-08-19T14:14Z,3.14159265358979,1,1.5,1,6,1,3,1,,9,,,
1996-08-19T14:34Z,,1,0,1,6,1,3,1,,9,,,
1996-08-19T15:54Z,,1,0,1,7,1,4,1,,9,,,
1996-08-19T16:34Z,,1,0,1,9,1,5,1,,9,,,
1996-08-19T17:34Z,,1,0,1,11,1,6,1,,9,,,
1996-08-19T18:34Z,2.26892802759263,1,1.5,1,13,1,8,1,,9,,,
1996-08-19T19:34Z,1.0471975511966,1,1.5,1,13,1,7,1,,9,,,
1996-08-19T20:54Z,,1,0,1,14,1,9,1,,9,,,
1996-08-19T21:34Z,0,1,1.5,1,14,1,9,1,,9,,,
1996-08-19T22:46Z,,1,0,1,14,1,9,1,,9,,,
1996-08-20T00:14Z,2.96705972839036,1,1.5,1,14,1,9,1,,9,,,
1996-08-20T00:48Z,,1,0,1,14,1,9,1,,9,,,
1996-08-20T01:46Z,,1,0,1,14,1,9,1,,9,,,
1996-08-20T02:45Z,,1,0,1,15,1,10,1,,9,,,
1996-08-20T04:14Z,2.44346095279206,1,1.5,1,12,1,9,1,,9,,,
1996-08-20T04:54Z,3.14159265358979,1,2.6,1,12,1,9,1,,9,,,
1996-08-20T05:34Z,3.14159265358979,1,2.1,1,12,1,10,1,,9,,,
1996-08-20T06:34Z,3.31612557878923,1,1.5,1,11,1,9,1,,9,3e-04,1,3600
1996-08-20T07:34Z,3.49065850398866,1,1.5,1,11,1,9,1,,9,,,
1996-08-20T08:34Z,3.14159265358979,1,1.5,1,10,1,8,1,,9,,,
1996-08-20T09:34Z,3.31612557878923,1,1.5,1,10,1,9,1,,9,,,
1996-08-20T10:34Z,3.14159265358979,1,2.6,1,10,1,9,1,,9,3e-04,1,3600
1996-08-20T11:34Z,,1,0,1,11,1,9,1,,9,,,
1996-08-20T12:34Z,3.14159265358979,1,2.1,1,9,1,8,1,,9,3e-04,1,3600
1996-08-20T13:54Z,3.49065850398866,1,1.5,1,9,1,8,1,,9,,,
1996-08-20T14:54Z,,1,0,1,9,1,8,1,,9,,,
1996-08-20T15:34Z,,1,0,1,9,1,8,1,,9,,,
1996-08-20T16:19Z,,1,0,1,,9,,9,,9,,,
1996-08-20T16:54Z,3.31612557878923,1,1.5,1,10,1,8,1,,9,,,
1996-08-20T17:34Z,3.14159265358979,1,2.1,1,10,1,9,1,,9,,,
1996-08-20T18:34Z,,1,0,1,11,1,9,1,,9,,,
1996-08-20T20:14Z,,1,0,1,12,1,10,1,,9,,,
1996-08-20T20:34Z,,1,0,1,12,1,11,1,,9,,,
1996-08-20T22:14Z,,1,0,1,12,1,9,1,,9,,,
1996-08-20T22:34Z,,1,0,1,13,1,10,1,,9,,,
1996-08-20T23:34Z,,1,0,1,13,1,10,1,,9,,,
1996-08-21T00:54Z,2.96705972839036,1,1.5,1,14,1,11,1,,9,,,
1996-08-21T02:14Z,,1,0,1,12,1,9,1,,9,,,
1996-08-21T03:14Z,2.96705972839036,1,2.1,1,11,1,8,1,,9,,,
1996-08-21T03:34Z,,1,0,1,11,1,8,1,,9,,,
1996-08-21T04:34Z,,1,0,1,11,1,9,1,,9,,,
1996-08-21T05:34Z,3.31612557878923,1,1.5,1,9,1,8,1,,9,,,
1996-08-21T08:14Z,3.14159265358979,1,2.6,1,9,1,7,1,,9,,,
1996-08-21T08:35Z,,1,0,1,9,1,7,1,,9,,,
1996-08-21T09:34Z,,1,0,1,8,1,6,1,,9,,,
1996-08-21T10:34Z,,1,0,1,8,1,7,1,,9,,,
1996-08-21T11:35Z,2.79252680319093,1,1.5,1,8,1,6,1,,9,,,
1996-08-21T13:14Z,,1,0,1,8,1,7,1,,9,3e-04,1,3600
1996-08-21T14:14Z,,1,0,1,8,1,7,1,,9,,,
1996-08-21T14:34Z,,1,0,1,8,1,7,1,,9,,,
1996-08-21T15:34Z,2.0943951023932,1,1.5,1,9,1,7,1,,9,,,
1996-08-21T16:34Z,,1,0,1,9,1,7,1,,9,,,
1996-08-21T18:14Z,,1,0,1,11,1,9,1,,9,,,
1996-08-21T18:34Z,,1,0,1,11,1,9,1,,9,,,
1996-08-21T19:34Z,0.872664625997165,1,1.5,1,12,1,9,1,,9,,,
1996-08-21T20:34Z,,1,0,1,13,1,10,1,,9,,,
1996-08-21T21:34Z,1.39626340159546,1,1.5,1,14,1,9,1,,9,,,
1996-08-21T22:34Z,,1,0,1,15,1,8,1,,9,,,
1996-08-22T00:14Z,,1,0,1,14,1,9,1,,9,,,
1996-08-22T00:34Z,,1,0,1,15,1,10,1,,9,,,
1996-08-22T01:34Z,2.96705972839036,1,2.1,1,14,1,9,1,,9,,,
1996-08-22T02:34Z,3.14159265358979,1,1.5,1,13,1,9,1,,9,,,
1996-08-22T03:34Z,,1,0,1,12,1,10,1,,9,3e-04,1,3600
1996-08-22T04:34Z,2.79252680319093,1,2.6,1,11,1,8,1,,9,,,
1996-08-22T05:34Z,3.66519142918809,1,1.5,1,10,1,8,1,,9,3e-04,1,3600
1996-08-22T07:14Z,3.14159265358979,1,2.1,1,9,1,7,1,,9,3e-04,1,3600
1996-08-22T07:34Z,3.66519142918809,1,1.5,1,9,1,7,1,,9,3e-04,1,3600
1996-08-22T08:34Z,3.49065850398866,1,1.5,1,9,1,7,1,,9,,,
1996-08-22T09:34Z,3.49065850398866,1,1.5,1,8,1,7,1,,9,,,
1996-08-22T10:34Z,3.49065850398866,1,2.1,1,8,1,7,1,,9,,,
1996-08-22T11:34Z,3.14159265358979,1,2.1,1,8,1,6,1,,9,,,
1996-08-22T12:34Z,3.31612557878923,1,2.1,1,8,1,7,1,,9,5e-04,1,3600
1996-08-22T14:14Z,,1,0,1,8,1,7,1,,9,,,
1996-08-22T14:34Z,3.14159265358979,1,1.5,1,8,1,7,1,,9,,,
1996-08-22T15:34Z,2.61799387799149,1,1.5,1,8,1,7,1,,9,,,
1996-08-22T16:34Z,,1,0,1,9,1,6,1,,9,,,
1996-08-22T17:34Z,,1,0,1,11,1,8,1,,9,,,
1996-08-22T18:34Z,,1,0,1,11,1,8,1,,9,,,
1996-08-22T20:14Z,,1,0,1,13,1,9,1,,9,,,
1996-08-22T20:34Z,0.523598775598299,1,2.1,1,13,1,9,1,,9,,,
1996-08-22T22:14Z,,1,0,1,13,1,9,1,,9,,,
1996-08-22T22:34Z,0.349065850398866,1,1.5,1,13,1,10,1,,9,,,
1996-08-22T23:34Z,0.523598775598299,1,1.5,1,14,1,9,1,,9,,,
1996-08-23T00:34Z,,1,0,1,14,1,9,1,,9,,,
1996-08-23T02:14Z,2.61799387799149,1,2.6,1,13,1,9,1,,9,,,
1996-08-23T02:34Z,,1,0,1,13,1,8,1,,9,,,
1996-08-23T04:14Z,3.31612557878923,1,2.6,1,11,1,8,1,,9,,,
1996-08-23T05:14Z,2.96705972839036,1,2.1,1,11,1,7,1,,9,,,
1996-08-23T05:34Z,3.31612557878923,1,2.6,1,9,1,6,1,,9,,,
1996-08-23T06:34Z,3.14159265358979,1,2.1,1,9,1,7,1,,9,,,
1996-08-23T07:34Z,3.14159265358979,1,1.5,1,9,1,6,1,,9,,,
1996-08-23T08:34Z,2.26892802759263,1,1.5,1,9,1,7,1,,9,,,
1996-08-23T09:34Z,3.31612557878923,1,2.6,1,9,1,6,1,,9,,,
1996-08-23T10:34Z,2.0943951023932,1,1.5,1,9,1,6,1,,9,,,
1996-08-23T11:54Z,2.79252680319093,1,1.5,1,9,1,7,1,,9,,,
1996-08-23T12:34Z,,1,0,1,9,1,7,1,,9,,,
1996-08-23T13:34Z,2.96705972839036,1,1.5,1,9,1,7,1,,9,,,
1996-08-23T14:54Z,3.31612557878923,1,1.5,1,8,1,7,1,,9,,,
1996-08-23T15:34Z,,1,0,1,8,1,6,1,,9,,,
1996-08-23T16:34Z,,1,0,1,9,1,8,1,,9,,,
1996-08-23T17:34Z,,1,0,1,11,1,8,1,,9,,,
1996-08-23T18:34Z,1.74532925199433,1,1.5,1,12,1,8,1,,9,,,
1996-08-23T19:34Z,,1,0,1,12,1,8,1,,9,,,
1996-08-23T21:14Z,,1,0,1,12,1,9,1,,9,,,
1996-08-23T21:34Z,,1,0,1,12,1,9,1,,9,,,
1996-08-23T22:34Z,,1,0,1,12,1,9,1,,9,,,
1996-08-23T23:34Z,,1,0,1,12,1,8,1,,9,,,
1996-08-24T00:54Z,3.14159265358979,1,1.5,1,12,1,8,1,,9,,,
1996-08-24T01:34Z,,1,0,1,12,1,8,1,,9,,,
1996-08-24T02:34Z,3.31612557878923,1,1.5,1,11,1,7,1,,9,,,
1996-08-24T03:34Z,,1,0,1,11,1,7,1,,9,,,
1996-08-24T04:34Z,,1,0,1,11,1,8,1,,9,,,
1996-08-24T05:34Z,,1,0,1,9,1,6,1,,9,,,
1996-08-24T06:34Z,,1,0,1,9,1,6,1,,9,,,
1996-08-24T07:34Z,3.49065850398866,1,2.1,1,9,1,6,1,,9,,,
1996-08-24T08:34Z,3.49065850398866,1,2.1,1,8,1,6,1,,9,,,
1996-08-24T09:34Z,,1,0,1,8,1,6,1,,9,,,
1996-08-24T10:34Z,,1,0,1,9,1,7,1,,9,,,
1996-08-24T11:34Z,,1,0,1,8,1,6,1,,9,,,
1996-08-24T12:34Z,,1,0,1,8,1,7,1,,9,,,
1996-08-24T14:14Z,,1,0,1,9,1,7,1,,9,3e-04,1,3600
1996-08-24T14:34Z,,1,0,1,9,1,7,1,,9,3e-04,1,3600
1996-08-24T15:34Z,,1,0,1,8,1,7,1,,9,,,
1996-08-24T16:54Z,,1,0,1,9,1,7,1,,9,3e-04,1,3600
1996-08-24T17:34Z,,1,0,1,10,1,8,1,,9,,,
1996-08-24T18:35Z,,1,0,1,,9,,9,,9,,,
1996-08-24T18:54Z,,1,0,1,10,1,8,1,,9,,,
1996-08-24T19:15Z,,1,0,1,,9,,9,,9,,,
1996-08-24T19:35Z,,1,0,1,,9,,9,,9,,,
1996-08-24T19:50Z,,1,0,1,10,1,8,1,,9,,,
1996-08-24T20:00Z,,1,0,1,,9,,9,,9,,,
1996-08-24T20:15Z,,1,0,1,,9,,9,,9,,,
1996-08-24T20:35Z,,1,0,1,,9,,9,,9,,,
1996-08-24T20:50Z,,1,0,1,12,1,9,1,,9,,,
1996-08-24T21:00Z,,1,0,1,,9,,9,,9,,,
1996-08-24T21:15Z,,1,0,1,,9,,9,,9,,,
1996-08-24T21:35Z,0.698131700797732,1,2.6,1,,9,,9,,9,,,
1996-08-24T21:49Z,,1,0,1,12,1,9,1,,9,,,
1996-08-24T22:00Z,,1,0,1,,9,,9,,9,,,
1996-08-24T22:52Z,,1,0,1,11,1,9,1,,9,,,
1996-08-24T23:00Z,0.523598775598299,1,1.5,1,,9,,9,,9,,,
1996-08-24T23:15Z,,1,0,1,,9,,9,,9,,,
1996-08-24T23:35Z,,1,0,1,,9,,9,,9,,,
1996-08-24T23:49Z,0.349065850398866,1,1.5,1,10,1,9,1,,9,,,
1996-08-25T00:00Z,,1,0,1,,9,,9,,9,,,
1996-08-25T00:15Z,0.523598775598299,1,1.5,1,,9,,9,,9,,,
1996-08-25T00:35Z,0.174532925199433,1,1.5,1,,9,,9,,9,,,
1996-08-25T00:51Z,,1,0,1,11,1,10,1,,9,,,
1996-08-25T01:00Z,0.174532925199433,1,1.5,1,,9,,9,,9,,,
1996-08-25T01:15Z,2.61799387799149,1,1.5,1,,9,,9,,9,,,
1996-08-25T01:35Z,,1,0,1,,9,,9,,9,,,
1996-08-25T01:52Z,,1,0,1,,9,,9,,9,,,
1996-08-25T02:00Z,,1,0,1,,9,,9,,9,,,
1996-08-25T02:15Z,3.31612557878923,1,2.1,1,,9,,9,,9,,,
1996-08-25T02:35Z,,1,0,1,,9,,9,,9,,,
1996-08-25T02:50Z,,1,0,1,12,1,10,1,,9,,,
1996-08-25T03:00Z,,1,0,1,,9,,9,,9,,,
1996-08-25T03:15Z,,1,0,1,,9,,9,,9,,,
1996-08-25T03:35Z,0.872664625997165,1,2.1,1,,9,,9,,9,,,
1996-08-25T03:53Z,1.39626340159546,1,1.5,1,12,1,10,1,,9,,,
1996-08-25T04:00Z,,1,0,1,,9,,9,,9,,,
1996-08-25T04:15Z,,1,0,1,,9,,9,,9,,,
1996-08-25T04:35Z,,1,0,1,,9,,9,,9,,,
1996-08-25T04:38Z,,1,0,1,12,1,10,1,,9,,,
1996-08-25T04:52Z,,1,0,1,12,1,10,1,,9,,,
1996-08-25T05:00Z,,1,0,1,,9,,9,,9,,,
1996-08-25T05:03Z,,1,0,1,12,1,10,1,,9,,,
1996-08-25T05:15Z,3.14159265358979,1,1.5,1,,9,,9,,9,,,
1996-08-25T05:32Z,3.14159265358979,1,1.5,1,12,1,10,1,,9,,,
1996-08-25T05:35Z,3.14159265358979,1,2.1,1,,9,,9,,9,,,
1996-08-25T05:47Z,3.49065850398866,1,1.5,1,12,1,10,1,,9,,,
1996-08-25T06:00Z,,1,0,1,,9,,9,,9,,,
1996-08-25T06:15Z,,1,0,1,,9,,9,,9,,,
1996-08-25T06:35Z,2.96705972839036,1,1.5,1,,9,,9,,9,,,
1996-08-25T07:00Z,3.14159265358979,1,1.5,1,,9,,9,,9,,,
1996-08-25T07:15Z,,1,0,1,,9,,9,,9,,,
1996-08-25T07:35Z,,1,0,1,,9,,9,,9,,,
1996-08-25T08:35Z,,1,0,1,,9,,9,,9,,,
1996-08-25T09:35Z,,1,0,1,,9,,9,,9,,,
1996-08-25T10:35Z,,1,0,1,,9,,9,,9,,,
1996-08-25T12:15Z,3.31612557878923,1,2.1,1,,9,,9,,9,,,
1996-08-25T12:35Z,3.49065850398866,1,1.5,1,,9,,9,,9,,,
1996-08-25T13:51Z,,1,0,1,10,1,9,1,,9,,,
1996-08-25T14:04Z,,1,0,1,10,1,9,1,,9,,,
1996-08-25T14:15Z,,1,0,1,,9,,9,,9,,,
1996-08-25T14:20Z,,1,0,1,10,1,9,1,,9,,,
1996-08-25T14:35Z,,1,0,1,,9,,9,,9,,,
1996-08-25T14:52Z,,1,0,1,9,1,9,1,,9,,,
1996-08-25T15:00Z,,1,0,1,,9,,9,,9,,,
1996-08-25T15:15Z,2.96705972839036,1,2.1,1,,9,,9,,9,,,
1996-08-25T15:18Z,2.79252680319093,1,1.5,1,9,1,9,1,,9,,,
1996-08-25T15:35Z,3.14159265358979,1,1.5,1,,9,,9,,9,,,
1996-08-25T15:51Z,,1,0,1,10,1,10,1,,9,,,
1996-08-25T16:00Z,,1,0,1,,9,,9,,9,,,
1996-08-25T16:15Z,6.10865238198015,1,1.5,1,,9,,9,,9,,,
1996-08-25T16:35Z,,1,0,1,,9,,9,,9,,,
1996-08-25T16:50Z,,1,0,1,10,1,10,1,,9,,,
1996-08-25T17:00Z,,1,0,1,,9,,9,,9,,,
1996-08-25T17:15Z,,1,0,1,,9,,9,,9,,,
1996-08-25T17:35Z,,1,0,1,,9,,9,,9,,,
1996-08-25T18:00Z,,1,0,1,,9,,9,,9,,,
1996-08-25T18:15Z,4.01425727958696,1,2.1,1,,9,,9,,9,,,
1996-08-25T18:35Z,3.83972435438753,1,3.1,1,,9,,9,,9,,,
1996-08-25T18:48Z,0.349065850398866,1,2.1,1,11,1,11,1,,9,,,
1996-08-25T18:53Z,,1,0,1,9,1,9,1,,9,,,
1996-08-25T19:00Z,,1,0,1,,9,,9,,9,,,
1996-08-25T19:15Z,4.18879020478639,1,2.1,1,,9,,9,,9,,,
1996-08-25T19:35Z,,1,0,1,,9,,9,,9,,,
1996-08-25T20:00Z,3.83972435438753,1,1.5,1,,9,,9,,9,,,
1996-08-25T20:15Z,,1,0,1,,9,,9,,9,,,
1996-08-25T20:53Z,5.93411945678072,1,5.7,1,10,1,10,1,,9,,,
1996-08-25T21:00Z,,1,0,1,,9,,9,,9,,,
1996-08-25T21:15Z,,1,0,1,,9,,9,,9,,,
1996-08-25T21:16Z,,1,0,1,10,1,10,1,,9,,,
1996-08-25T21:35Z,1.39626340159546,1,3.1,1,,9,,9,,9,,,
1996-08-25T21:50Z,,1,0,1,17,1,11,1,,9,,,
1996-08-25T22:00Z,5.93411945678072,1,5.1,1,,9,,9,,9,,,
1996-08-25T22:15Z,,1,0,1,,9,,9,,9,,,
1996-08-25T22:35Z,,1,0,1,,9,,9,,9,,,
1996-08-25T22:53Z,,1,0,1,11,1,10,1,,9,,,
1996-08-25T23:00Z,1.91986217719376,1,1.5,1,,9,,9,,9,,,
1996-08-25T23:15Z,,1,0,1,,9,,9,,9,,,
1996-08-25T23:35Z,4.71238898038469,1,1.5,1,,9,,9,,9,,,
1996-08-25T23:49Z,,1,0,1,11,1,10,1,,9,,,
1996-08-26T00:00Z,2.0943951023932,1,1.5,1,,9,,9,,9,,,
1996-08-26T00:49Z,,1,0,1,11,1,10,1,,9,,,
1996-08-26T01:00Z,4.88692190558412,1,2.1,1,,9,,9,,9,,,
1996-08-26T01:06Z,,1,0,1,11,1,10,1,,9,,,
1996-08-26T01:15Z,4.01425727958696,1,2.1,1,,9,,9,,9,,,
1996-08-26T01:35Z,,1,0,1,,9,,9,,9,,,
1996-08-26T01:50Z,,1,0,1,11,1,10,1,,9,,,
1996-08-26T02:00Z,,1,0,1,,9,,9,,9,,,
1996-08-26T02:35Z,3.83972435438753,1,1.5,1,,9,,9,,9,,,
1996-08-26T03:00Z,,1,0,1,,9,,9,,9,,,
1996-08-26T03:07Z,5.93411945678072,1,5.1,1,11,1,10,1,,9,,,
1996-08-26T03:15Z,5.75958653158129,1,7.2,1,,9,,9,,9,,,
1996-08-26T03:25Z,5.58505360638185,1,5.7,1,11,1,10,1,,9,,,
1996-08-26T03:35Z,5.93411945678072,1,7.7,1,,9,,9,,9,,,
1996-08-26T03:49Z,5.75958653158129,1,6.2,1,10,1,10,1,,9,,,
1996-08-26T04:00Z,1.22173047639603,1,2.1,1,,9,,9,,9,,,
1996-08-26T04:15Z,,1,0,1,,9,,9,,9,,,
1996-08-26T04:35Z,,1,0,1,,9,,9,,9,,,
1996-08-26T04:48Z,2.44346095279206,1,3.6,1,10,1,8,1,,9,,,
1996-08-26T05:00Z,5.75958653158129,1,6.7,1,,9,,9,,9,,,
1996-08-26T05:15Z,4.88692190558412,1,2.6,1,,9,,9,,9,,,
1996-08-26T05:35Z,0.174532925199433,1,2.6,1,,9,,9,,9,,,
1996-08-26T05:47Z,,1,0,1,11,1,8,1,,9,,,
1996-08-26T06:00Z,,1,0,1,,9,,9,,9,,,
1996-08-26T06:15Z,3.31612557878923,1,2.6,1,,9,,9,,9,,,
1996-08-26T06:35Z,,1,0,1,,9,,9,,9,,,
1996-08-26T07:00Z,,1,0,1,,9,,9,,9,0.0028,1,3600
1996-08-26T07:35Z,,1,0,1,,9,,9,,9,,,
1996-08-26T08:35Z,,1,0,1,,9,,9,,9,,,
1996-08-26T09:35Z,,1,0,1,,9,,9,,9,,,
1996-08-26T10:35Z,,1,0,1,,9,,9,,9,,,
1996-08-26T11:35Z,,1,0,1,,9,,9,,9,,,
1996-08-26T12:35Z,,1,0,1,,9,,9,,9,,,
1996-08-26T13:35Z,,1,0,1,,9,,9,,9,,,
1996-08-26T14:15Z,,1,0,1,,9,,9,,9,,,
1996-08-26T14:35Z,,1,0,1,,9,,9,,9,,,
1996-08-26T14:53Z,,1,0,1,,9,,9,,9,,,
1996-08-26T15:00Z,,1,0,1,,9,,9,,9,5e-04,1,3600
1996-08-26T15:15Z,,1,0,1,,9,,9,,9,,,
1996-08-26T15:35Z,,1,0,1,,9,,9,,9,,,
1996-08-26T15:45Z,,1,0,1,7,1,7,1,,9,,,
1996-08-26T16:00Z,,1,0,1,,9,,9,,9,,,
1996-08-26T16:15Z,,1,0,1,,9,,9,,9,,,
1996-08-26T16:35Z,,1,0,1,,9,,9,,9,,,
1996-08-26T17:00Z,,1,0,1,,9,,9,,9,3e-04,1,3600
1996-08-26T17:15Z,,1,0,1,,9,,9,,9,,,
1996-08-26T17:35Z,2.0943951023932,1,1.5,1,,9,,9,,9,,,
1996-08-26T18:00Z,,1,0,1,,9,,9,,9,,,
1996-08-26T18:15Z,,1,0,1,,9,,9,,9,,,
1996-08-26T18:35Z,,1,0,1,,9,,9,,9,,,
1996-08-26T19:00Z,,1,0,1,,9,,9,,9,3e-04,1,3600
1996-08-26T19:15Z,,1,0,1,,9,,9,,9,,,
1996-08-26T19:35Z,,1,0,1,,9,,9,,9,,,
1996-08-26T20:00Z,,1,0,1,,9,,9,,9,3e-04,1,3600
1996-08-26T20:35Z,,1,0,1,,9,,9,,9,,,
1996-08-26T21:00Z,,1,0,1,,9,,9,,9,,,
1996-08-26T21:15Z,,1,0,1,,9,,9,,9,,,
1996-08-26T21:35Z,,1,0,1,,9,,9,,9,,,
1996-08-26T22:00Z,0.523598775598299,1,1.5,1,,9,,9,,9,,,
1996-08-26T22:15Z,,1,0,1,,9,,9,,9,,,
1996-08-26T22:35Z,2.26892802759263,1,1.5,1,,9,,9,,9,,,
1996-08-26T23:00Z,,1,0,1,,9,,9,,9,,,
1996-08-26T23:15Z,,1,0,1,10,1,7,1,,9,,,
1996-08-26T23:35Z,,1,0,1,11,1,8,1,,9,,,
1996-08-27T00:00Z,2.44346095279206,1,1.5,1,,9,,9,,9,,,
1996-08-27T01:15Z,,1,0,1,10,1,8,1,,9,,,
1996-08-27T02:15Z,,1,0,1,10,1,8,1,,9,,,
1996-08-27T02:35Z,,1,0,1,10,1,8,1,,9,,,
1996-08-27T03:35Z,,1,0,1,9,1,7,1,,9,,,
1996-08-27T04:35Z,,1,0,1,9,1,7,1,,9,,,
1996-08-27T05:35Z,,1,0,1,8,1,7,1,,9,,,
1996-08-27T06:35Z,,1,0,1,8,1,7,1,,9,,,
1996-08-27T07:35Z,,1,0,1,8,1,6,1,,9,,,
1996-08-27T08:35Z,3.14159265358979,1,1.5,1,7,1,6,1,,9,,,
1996-08-27T09:35Z,,1,0,1,8,1,7,1,,9,,,
1996-08-27T10:35Z,,1,0,1,7,1,6,1,,9,,,
1996-08-27T11:35Z,,1,0,1,7,1,5,1,,9,,,
1996-08-27T12:35Z,,1,0,1,7,1,6,1,,9,,,
1996-08-27T14:00Z,,1,0,1,7,1,6,1,,9,3e-04,1,3600
1996-08-27T14:35Z,,1,0,1,7,1,6,1,,9,,,
1996-08-27T15:35Z,,1,0,1,7,1,6,1,,9,,,
1996-08-27T16:35Z,,1,0,1,8,1,7,1,,9,,,
1996-08-27T17:35Z,,1,0,1,9,1,7,1,,9,,,
1996-08-27T19:15Z,,1,0,1,11,1,7,1,,9,,,
1996-08-27T19:35Z,,1,0,1,11,1,8,1,,9,,,
1996-08-27T20:35Z,,1,0,1,12,1,8,1,,9,,,
1996-08-27T21:35Z,6.10865238198015,1,1.5,1,14,1,7,1,,9,,,
1996-08-27T22:35Z,0.698131700797732,1,3.1,1,13,1,6,1,,9,,,
1996-08-27T23:34Z,0,1,2.6,1,15,1,7,1,,9,,,
1996-08-28T00:34Z,3.14159265358979,1,8.7,1,18,1,3,1,,9,,,
1996-08-28T02:14Z,3.66519142918809,1,7.2,1,18,1,2,1,,9,,,
1996-08-28T02:34Z,3.83972435438753,1,6.7,1,18,1,2,1,,9,,,
1996-08-28T03:34Z,3.31612557878923,1,7.7,1,17,1,2,1,,9,,,
1996-08-28T05:14Z,4.71238898038469,1,1.5,1,14,1,2,1,,9,,,
1996-08-28T05:34Z,5.93411945678072,1,3.1,1,14,1,3,1,,9,,,
1996-08-28T06:54Z,0.698131700797732,1,1.5,1,12,1,3,1,,9,,,
1996-08-28T08:14Z,4.88692190558412,1,1.5,1,10,1,3,1,,9,,,
1996-08-28T08:34Z,,1,0,1,9,1,3,1,,9,,,
1996-08-28T09:34Z,,1,0,1,8,1,3,1,,9,,,
1996-08-28T10:34Z,,1,0,1,10,1,2,1,,9,,,
1996-08-28T11:34Z,,1,0,1,8,1,3,1,,9,,,
1996-08-28T12:34Z,5.23598775598299,1,1.5,1,9,1,3,1,,9,,,
1996-08-28T13:34Z,1.5707963267949,1,1.5,1,7,1,3,1,,9,,,
1996-08-28T14:34Z,1.91986217719376,1,2.1,1,6,1,2,1,,9,,,
1996-08-28T15:34Z,,1,0,1,7,1,3,1,,9,,,
1996-08-28T16:34Z,5.23598775598299,1,1.5,1,11,1,3,1,,9,,,
1996-08-28T17:34Z,,1,0,1,13,1,3,1,,9,,,
1996-08-28T19:14Z,,1,0,1,15,1,3,1,,9,,,
1996-08-28T19:34Z,0.174532925199433,1,1.5,1,15,1,2,1,,9,,,
1996-08-28T20:34Z,,1,0,1,16,1,3,1,,9,,,
1996-08-28T22:14Z,3.49065850398866,1,1.5,1,17,1,4,1,,9,,,
1996-08-28T22:34Z,,1,0,1,17,1,3,1,,9,,,
1996-08-28T23:34Z,1.22173047639603,1,1.5,1,17,1,4,1,,9,,,
1996-08-29T00:34Z,,1,0,1,17,1,4,1,,9,,,
1996-08-29T01:34Z,1.5707963267949,1,1.5,1,16,1,5,1,,9,,,
1996-08-29T02:34Z,3.83972435438753,1,1.5,1,13,1,6,1,,9,,,
1996-08-29T03:34Z,,1,0,1,13,1,7,1,,9,,,
1996-08-29T04:34Z,,1,0,1,12,1,6,1,,9,,,
1996-08-29T05:34Z,,1,0,1,11,1,6,1,,9,,,
1996-08-29T06:54Z,,1,0,1,12,1,7,1,,9,,,
1996-08-29T07:34Z,2.79252680319093,1,2.1,1,11,1,8,1,,9,,,
1996-08-29T08:34Z,2.61799387799149,1,1.5,1,10,1,8,1,,9,,,
1996-08-29T09:34Z,3.31612557878923,1,2.6,1,9,1,7,1,,9,,,
1996-08-29T10:34Z,,1,0,1,10,1,8,1,,9,,,
1996-08-29T11:34Z,4.36332312998582,1,2.1,1,11,1,7,1,,9,,,
1996-08-29T12:34Z,,1,0,1,11,1,8,1,,9,,,
1996-08-29T14:14Z,,1,0,1,10,1,8,1,,9,,,
1996-08-29T14:34Z,1.91986217719376,1,1.5,1,10,1,9,1,,9,,,
1996-08-29T15:34Z,,1,0,1,9,1,8,1,,9,,,
1996-08-29T16:34Z,,1,0,1,10,1,8,1,,9,,,
1996-08-29T17:34Z,,1,0,1,10,1,8,1,,9,,,
1996-08-29T18:54Z,4.01425727958696,1,1.5,1,11,1,9,1,,9,,,
1996-08-29T19:34Z,,1,0,1,11,1,9,1,,9,,,
1996-08-29T20:34Z,,1,0,1,11,1,9,1,,9,,,
1996-08-29T22:14Z,,1,0,1,11,1,9,1,,9,0.0013,1,3600
1996-08-29T22:34Z,,1,0,1,11,1,10,1,,9,0.0023,1,3600
1996-08-29T23:34Z,,1,0,1,12,1,10,1,,9,,,
1996-08-30T00:34Z,,1,0,1,11,1,9,1,,9,,,
1996-08-30T01:34Z,3.49065850398866,1,1.5,1,11,1,10,1,,9,,,
1996-08-30T02:34Z,,1,0,1,11,1,9,1,,9,,,
1996-08-30T03:34Z,3.14159265358979,1,2.6,1,11,1,9,1,,9,,,
1996-08-30T04:34Z,2.0943951023932,1,1.5,1,11,1,9,1,,9,,,
1996-08-30T05:34Z,,1,0,1,9,1,8,1,,9,,,
1996-08-30T06:34Z,,1,0,1,10,1,9,1,,9,,,
1996-08-30T07:34Z,,1,0,1,9,1,8,1,,9,,,
1996-08-30T08:34Z,2.61799387799149,1,1.5,1,8,1,7,1,,9,,,
1996-08-30T09:34Z,3.31612557878923,1,2.1,1,8,1,7,1,,9,3e-04,1,3600
1996-08-30T10:34Z,3.49065850398866,1,1.5,1,8,1,7,1,,9,,,
1996-08-30T11:34Z,3.14159265358979,1,1.5,1,8,1,7,1,,9,,,
1996-08-30T12:34Z,,1,0,1,8,1,7,1,,9,,,
1996-08-30T13:54Z,,1,0,1,8,1,7,1,,9,,,
1996-08-30T14:34Z,,1,0,1,9,1,7,1,,9,,,
1996-08-30T15:54Z,2.96705972839036,1,2.1,1,8,1,7,1,,9,,,
1996-08-30T16:34Z,,1,0,1,9,1,8,1,,9,,,
1996-08-30T17:34Z,3.14159265358979,1,1.5,1,9,1,8,1,,9,,,
1996-08-30T18:54Z,,1,0,1,10,1,8,1,,9,,,
1996-08-30T19:34Z,,1,0,1,10,1,,9,,9,,,
1996-08-30T20:34Z,,1,0,1,11,1,,9,,9,,,
1996-08-30T21:34Z,1.91986217719376,1,1.5,1,11,1,11,1,,9,,,
1996-08-30T22:34Z,,1,0,1,11,1,11,1,,9,,,
1996-08-30T23:34Z,,1,0,1,11,1,11,1,,9,,,
1996-08-31T00:05Z,,1,0,1,11,1,11,1,,9,,,
1996-08-31T00:34Z,1.22173047639603,1,1.5,1,11,1,,9,,9,,,
1996-08-31T01:54Z,,1,0,1,12,1,12,1,,9,,,
1996-08-31T03:14Z,,1,0,1,12,1,12,1,,9,,,
1996-08-31T03:34Z,,1,0,1,12,1,12,1,,9,,,
1996-08-31T05:14Z,2.96705972839036,1,2.1,1,8,1,8,1,,9,,,
1996-08-31T05:34Z,3.49065850398866,1,2.1,1,8,1,8,1,,9,,,
1996-08-31T06:34Z,,1,0,1,8,1,7,1,,9,,,
1996-08-31T07:34Z,,1,0,1,8,1,7,1,,9,,,
1996-08-31T09:14Z,2.79252680319093,1,2.6,1,8,1,8,1,,9,,,
1996-08-31T09:34Z,,1,0,1,8,1,7,1,,9,,,
1996-08-31T10:34Z,1.91986217719376,1,2.1,1,8,1,7,1,,9,,,
1996-08-31T11:34Z,3.14159265358979,1,1.5,1,9,1,8,1,,9,,,
1996-08-31T12:34Z,,1,0,1,8,1,6,1,,9,,,
1996-08-31T14:14Z,4.18879020478639,1,1.5,1,8,1,7,1,,9,,,
1996-08-31T14:34Z,,1,0,1,8,1,7,1,,9,,,
1996-08-31T15:34Z,,1,0,1,8,1,7,1,,9,,,
1996-08-31T17:14Z,,1,0,1,8,1,8,1,,9,,,
1996-08-31T17:34Z,,1,0,1,9,1,8,1,,9,,,
1996-08-31T19:14Z,,1,0,1,9,1,8,1,,9,,,
1996-08-31T19:34Z,,1,0,1,9,1,8,1,,9,,,
1996-08-31T21:14Z,,1,0,1,9,1,8,1,,9,,,
1996-08-31T21:34Z,2.96705972839036,1,3.1,1,9,1,8,1,,9,,,
1996-08-31T22:34Z,6.10865238198015,1,2.1,1,9,1,9,1,,9,,,
1996-08-31T23:34Z,0.349065850398866,1,3.1,1,9,1,9,1,,9,0.0025,1,3600
1996-09-01T01:14Z,,1,0,1,8,1,8,1,,9,,,
1996-09-01T01:34Z,,1,0,1,8,1,8,1,,9,,,
1996-09-01T02:34Z,,1,0,1,9,1,8,1,,9,,,
1996-09-01T03:54Z,0.174532925199433,1,1.5,1,8,1,8,1,,9,,,
1996-09-01T04:34Z,,1,0,1,8,1,7,1,,9,,,
1996-09-01T05:34Z,,1,0,1,8,1,7,1,,9,,,
1996-09-01T06:14Z,,1,0,1,8,1,7,1,,9,,,
1996-09-01T06:34Z,,1,0,1,7,1,7,1,,9,,,
1996-09-01T07:34Z,,1,0,1,7,1,7,1,,9,,,
1996-09-01T08:34Z,,1,0,1,7,1,6,1,,9,3e-04,1,3600
1996-09-01T09:34Z,,1,0,1,7,1,6,1,,9,,,
1996-09-01T10:34Z,,1,0,1,7,1,6,1,,9,,,
1996-09-01T11:34Z,,1,0,1,6,1,6,1,,9,,,
1996-09-01T12:34Z,,1,0,1,6,1,5,1,,9,,,
1996-09-01T14:14Z,,1,0,1,4,1,3,1,,9,,,
1996-09-01T14:31Z,,1,0,1,4,1,3,1,,9,,,
1996-09-01T14:34Z,,1,0,1,4,1,3,1,,9,,,
1996-09-01T15:19Z,3.14159265358979,1,2.1,1,3,1,2,1,,9,,,
1996-09-01T15:34Z,3.49065850398866,1,1.5,1,3,1,2,1,,9,,,
1996-09-01T16:18Z,,1,0,1,4,1,3,1,,9,,,
1996-09-01T16:34Z,,1,0,1,4,1,3,1,,9,,,
1996-09-01T17:06Z,,1,0,1,6,1,4,1,,9,,,
1996-09-01T17:34Z,,1,0,1,7,1,6,1,,9,,,
1996-09-01T18:34Z,,1,0,1,9,1,7,1,,9,,,
1996-09-01T19:45Z,1.0471975511966,1,2.1,1,12,1,7,1,,9,,,
1996-09-01T20:34Z,1.0471975511966,1,2.1,1,11,1,7,1,,9,,,
1996-09-01T21:34Z,0.698131700797732,1,1.5,1,12,1,7,1,,9,,,
1996-09-01T22:54Z,0.349065850398866,1,2.1,1,13,1,6,1,,9,,,
1996-09-01T23:34Z,1.5707963267949,1,2.6,1,13,1,7,1,,9,,,
1996-09-02T00:34Z,5.93411945678072,1,3.1,1,16,1,6,1,,9,,,
1996-09-02T01:34Z,0.174532925199433,1,2.6,1,15,1,5,1,,9,,,
1996-09-02T02:14Z,1.22173047639603,1,2.1,1,,9,,9,,9,,,
1996-09-02T02:34Z,,1,0,1,,9,,9,,9,,,
1996-09-02T02:54Z,1.22173047639603,1,1.5,1,,9,,9,,9,,,
1996-09-02T03:14Z,1.0471975511966,1,2.6,1,,9,,9,,9,,,
1996-09-02T03:34Z,,1,0,1,,9,,9,,9,,,
1996-09-02T03:54Z,,1,0,1,,9,,9,,9,,,
1996-09-02T04:14Z,2.44346095279206,1,1.5,1,,9,,9,,9,,,
1996-09-02T04:34Z,,1,0,1,,9,,9,,9,,,
1996-09-02T04:54Z,,1,0,1,,9,,9,,9,,,
1996-09-02T05:14Z,4.36332312998582,1,2.1,1,,9,,9,,9,,,
1996-09-02T05:34Z,5.58505360638185,1,2.1,1,,9,,9,,9,,,
1996-09-02T05:54Z,5.41052068118242,1,2.6,1,,9,,9,,9,,,
1996-09-02T06:14Z,1.0471975511966,1,1.5,1,,9,,9,,9,,,
1996-09-02T06:34Z,,1,0,1,,9,,9,,9,,,
1996-09-02T06:54Z,0.698131700797732,1,3.1,1,,9,,9,,9,,,
1996-09-02T07:34Z,1.91986217719376,1,1.5,1,,9,,9,,9,,,
1996-09-02T07:54Z,,1,0,1,,9,,9,,9,,,
1996-09-02T08:34Z,3.83972435438753,1,2.1,1,,9,,9,,9,,,
1996-09-02T09:34Z,,1,0,1,,9,,9,,9,,,
1996-09-02T10:34Z,,1,0,1,,9,,9,,9,,,
1996-09-02T11:34Z,6.10865238198015,1,3.6,1,,9,,9,,9,,,
1996-09-02T12:34Z,3.31612557878923,1,6.2,1,,9,,9,,9,,,
1996-09-02T13:34Z,3.14159265358979,1,9.3,1,,9,,9,,9,,,
1996-09-02T14:14Z,3.14159265358979,1,8.7,1,,9,,9,,9,,,
1996-09-02T14:34Z,3.31612557878923,1,7.2,1,,9,,9,,9,,,
1996-09-02T14:54Z,3.31612557878923,1,7.7,1,,9,,9,,9,,,
1996-09-02T15:14Z,3.83972435438753,1,4.1,1,,9,,9,,9,,,
1996-09-02T15:34Z,3.83972435438753,1,6.2,1,,9,,9,,9,,,
1996-09-02T15:54Z,3.31612557878923,1,9.3,1,,9,,9,,9,,,
1996-09-02T16:14Z,3.66519142918809,1,4.1,1,,9,,9,,9,,,
1996-09-02T16:34Z,3.49065850398866,1,1.5,1,,9,,9,,9,,,
1996-09-02T16:54Z,3.66519142918809,1,7.7,1,,9,,9,,9,,,
1996-09-02T17:14Z,3.31612557878923,1,9.8,1,,9,,9,,9,,,
1996-09-02T17:34Z,3.31612557878923,1,9.8,1,,9,,9,,9,,,
1996-09-02T17:54Z,3.31612557878923,1,7.7,1,,9,,9,,9,,,
1996-09-02T18:14Z,3.66519142918809,1,3.1,1,,9,,9,,9,,,
1996-09-02T18:34Z,3.31612557878923,1,6.7,1,,9,,9,,9,,,
1996-09-02T18:54Z,4.71238898038469,1,2.6,1,,9,,9,,9,,,
1996-09-02T19:14Z,3.49065850398866,1,8.7,1,,9,,9,,9,,,
1996-09-02T19:34Z,3.14159265358979,1,8.7,1,,9,,9,,9,,,
1996-09-02T20:14Z,3.14159265358979,1,9.8,1,,9,,9,,9,,,
1996-09-02T20:34Z,3.14159265358979,1,10.8,1,,9,,9,,9,,,
1996-09-02T20:54Z,3.31612557878923,1,11.8,1,,9,,9,,9,,,
1996-09-02T21:09Z,3.14159265358979,1,10.8,1,,9,,9,,9,,,
1996-09-02T21:54Z,3.49065850398866,1,7.7,1,,9,,9,,9,,,
1996-09-03T02:14Z,3.31612557878923,1,8.2,1,21,1,2,1,,9,,,
1996-09-03T02:34Z,3.14159265358979,1,5.7,1,21,1,2,1,,9,,,
1996-09-03T03:34Z,5.93411945678072,1,2.6,1,19,1,5,1,,9,,,
1996-09-03T04:34Z,,1,0,1,16,1,6,1,,9,,,
1996-09-03T05:34Z,4.71238898038469,1,2.6,1,13,1,6,1,,9,,,
1996-09-03T06:34Z,,1,0,1,11,1,6,1,,9,,,
1996-09-03T07:34Z,5.58505360638185,1,2.1,1,11,1,5,1,,9,,,
1996-09-03T08:34Z,,1,0,1,9,1,5,1,,9,,,
1996-09-03T09:34Z,4.71238898038469,1,1.5,1,9,1,5,1,,9,,,
1996-09-03T10:34Z,,1,0,1,9,1,5,1,,9,,,
1996-09-03T11:34Z,,1,0,1,7,1,4,1,,9,,,
1996-09-03T12:34Z,,1,0,1,8,1,5,1,,9,,,
1996-09-03T14:14Z,,1,0,1,6,1,3,1,,9,,,
1996-09-03T14:34Z,3.31612557878923,1,2.1,1,6,1,3,1,,9,,,
1996-09-03T15:34Z,,1,0,1,7,1,5,1,,9,,,
1996-09-03T16:34Z,,1,0,1,8,1,5,1,,9,,,
1996-09-03T19:14Z,0.872664625997165,1,1.5,1,14,1,7,1,,9,,,
1996-09-03T19:34Z,5.93411945678072,1,2.1,1,14,1,6,1,,9,,,
1996-09-03T20:34Z,0.523598775598299,1,1.5,1,15,1,6,1,,9,,,
1996-09-03T21:34Z,0,1,2.1,1,16,1,6,1,,9,,,
1996-09-03T22:34Z,0.523598775598299,1,2.6,1,17,1,6,1,,9,,,
1996-09-03T23:34Z,0.872664625997165,1,2.6,1,18,1,5,1,,9,,,
1996-09-04T01:14Z,0.872664625997165,1,2.6,1,18,1,7,1,,9,,,
1996-09-04T01:34Z,0.698131700797732,1,2.1,1,17,1,6,1,,9,,,
1996-09-04T02:34Z,1.0471975511966,1,1.5,1,17,1,6,1,,9,,,
1996-09-04T04:14Z,2.79252680319093,1,1.5,1,13,1,7,1,,9,,,
1996-09-04T04:34Z,3.31612557878923,1,2.1,1,11,1,4,1,,9,,,
1996-09-04T05:34Z,,1,0,1,9,1,5,1,,9,,,
1996-09-04T06:34Z,3.66519142918809,1,1.5,1,8,1,4,1,,9,,,
1996-09-04T07:34Z,,1,0,1,8,1,5,1,,9,,,
1996-09-04T08:34Z,,1,0,1,9,1,6,1,,9,,,
1996-09-04T09:34Z,,1,0,1,6,1,3,1,,9,,,
1996-09-04T10:34Z,,1,0,1,6,1,3,1,,9,,,
1996-09-04T11:34Z,,1,0,1,6,1,3,1,,9,,,
1996-09-04T12:34Z,,1,0,1,6,1,3,1,,9,,,
1996-09-04T13:54Z,,1,0,1,5,1,3,1,,9,,,
1996-09-04T14:34Z,,1,0,1,4,1,3,1,,9,,,
1996-09-04T15:34Z,,1,0,1,6,1,3,1,,9,,,
1996-09-04T16:54Z,,1,0,1,8,1,6,1,,9,,,
1996-09-04T18:14Z,0,1,2.1,1,12,1,6,1,,9,,,
1996-09-04T19:14Z,,1,0,1,14,1,6,1,,9,,,
1996-09-04T20:00Z,0.872664625997165,1,2.1,1,15,1,7,1,,9,,,
1996-09-04T22:00Z,0.698131700797732,1,4.1,1,,9,,9,,9,,,
1996-09-04T22:14Z,3.31612557878923,1,4.6,1,22,1,6,1,,9,,,
1996-09-04T22:54Z,3.31612557878923,1,7.2,1,23,1,1,1,,9,,,
1996-09-04T23:00Z,3.66519142918809,1,5.1,1,,9,,9,,9,,,
1996-09-05T00:14Z,5.93411945678072,1,2.1,1,21,1,6,1,,9,,,
1996-09-05T00:34Z,0.698131700797732,1,3.1,1,21,1,4,1,,9,,,
1996-09-05T01:34Z,0.349065850398866,1,3.6,1,20,1,4,1,,9,,,
1996-09-05T02:34Z,,1,0,1,20,1,5,1,,9,,,
1996-09-05T03:34Z,,1,0,1,17,1,6,1,,9,,,
1996-09-05T04:34Z,,1,0,1,14,1,7,1,,9,,,
1996-09-05T05:34Z,,1,0,1,11,1,7,1,,9,,,
1996-09-05T06:34Z,4.53785605518526,1,1.5,1,10,1,6,1,,9,,,
1996-09-05T08:14Z,,1,0,1,9,1,5,1,,9,,,
1996-09-05T09:14Z,,1,0,1,8,1,5,1,,9,,,
1996-09-05T09:34Z,,1,0,1,8,1,5,1,,9,,,
1996-09-05T10:34Z,,1,0,1,7,1,5,1,,9,,,
1996-09-05T11:34Z,,1,0,1,6,1,3,1,,9,,,
1996-09-05T12:34Z,,1,0,1,6,1,4,1,,9,,,
1996-09-05T14:14Z,,1,0,1,4,1,2,1,,9,,,
1996-09-05T14:34Z,,1,0,1,4,1,3,1,,9,,,
1996-09-05T15:34Z,1.22173047639603,1,2.6,1,4,1,3,1,,9,,,
1996-09-05T16:34Z,,1,0,1,7,1,4,1,,9,,,
1996-09-05T17:34Z,,1,0,1,10,1,4,1,,9,,,
1996-09-05T19:14Z,0.174532925199433,1,1.5,1,13,1,3,1,,9,,,
1996-09-05T19:34Z,,1,0,1,13,1,3,1,,9,,,
1996-09-05T20:34Z,0.349065850398866,1,2.1,1,14,1,4,1,,9,,,
1996-09-05T21:34Z,0.174532925199433,1,2.1,1,16,1,2,1,,9,,,
1996-09-05T22:34Z,0.872664625997165,1,2.6,1,17,1,3,1,,9,,,
1996-09-05T23:34Z,1.22173047639603,1,2.1,1,17,1,4,1,,9,,,
1996-09-06T00:34Z,1.22173047639603,1,2.1,1,16,1,7,1,,9,,,
1996-09-06T01:34Z,0.872664625997165,1,2.1,1,15,1,7,1,,9,,,
1996-09-06T03:14Z,2.96705972839036,1,1.5,1,15,1,6,1,,9,,,
1996-09-06T03:34Z,2.96705972839036,1,2.6,1,14,1,6,1,,9,,,
1996-09-06T04:34Z,3.49065850398866,1,3.1,1,9,1,3,1,,9,,,
1996-09-06T06:14Z,3.14159265358979,1,2.1,1,7,1,2,1,,9,,,
1996-09-06T06:54Z,3.31612557878923,1,2.1,1,7,1,2,1,,9,,,
1996-09-06T07:34Z,3.49065850398866,1,2.6,1,6,1,2,1,,9,,,
1996-09-06T08:34Z,,1,0,1,5,1,3,1,,9,,,
1996-09-06T09:34Z,3.49065850398866,1,1.5,1,5,1,2,1,,9,,,
1996-09-06T10:34Z,3.14159265358979,1,2.6,1,4,1,2,1,,9,,,
1996-09-06T11:34Z,,1,0,1,4,1,2,1,,9,,,
1996-09-06T13:14Z,3.14159265358979,1,2.1,1,3,1,2,1,,9,,,
1996-09-06T13:34Z,,1,0,1,4,1,4,1,,9,,,
1996-09-06T14:34Z,,1,0,1,3,1,2,1,,9,,,
1996-09-06T15:34Z,,1,0,1,3,1,2,1,,9,,,
1996-09-06T17:14Z,,1,0,1,7,1,4,1,,9,,,
1996-09-06T17:34Z,,1,0,1,8,1,3,1,,9,,,
1996-09-06T18:34Z,,1,0,1,10,1,5,1,,9,,,
1996-09-06T20:14Z,,1,0,1,13,1,4,1,,9,,,
1996-09-06T20:34Z,0.349065850398866,1,2.1,1,13,1,4,1,,9,,,
1996-09-06T21:34Z,0.698131700797732,1,2.1,1,14,1,4,1,,9,,,
1996-09-06T22:34Z,0.523598775598299,1,2.1,1,15,1,5,1,,9,,,
1996-09-06T23:34Z,0.698131700797732,1,3.1,1,15,1,5,1,,9,,,
1996-09-07T00:34Z,1.22173047639603,1,2.1,1,15,1,6,1,,9,,,
1996-09-07T01:34Z,1.0471975511966,1,2.6,1,16,1,5,1,,9,,,
1996-09-07T03:14Z,3.31612557878923,1,1.5,1,13,1,7,1,,9,,,
1996-09-07T03:34Z,2.96705972839036,1,2.1,1,12,1,6,1,,9,,,
1996-09-07T04:34Z,3.14159265358979,1,2.6,1,8,1,4,1,,9,,,
1996-09-07T05:34Z,3.66519142918809,1,3.1,1,7,1,3,1,,9,,,
1996-09-07T06:34Z,3.14159265358979,1,2.6,1,6,1,2,1,,9,,,
1996-09-07T07:34Z,,1,0,1,5,1,3,1,,9,,,
1996-09-07T08:34Z,3.31612557878923,1,2.6,1,5,1,3,1,,9,,,
1996-09-07T09:34Z,3.31612557878923,1,1.5,1,4,1,2,1,,9,,,
1996-09-07T10:34Z,3.31612557878923,1,2.1,1,3,1,2,1,,9,,,
1996-09-07T11:34Z,,1,0,1,2,1,0,1,,9,,,
1996-09-07T12:34Z,,1,0,1,3,1,2,1,,9,,,
1996-09-07T13:34Z,,1,0,1,3,1,1,1,,9,,,
1996-09-07T14:34Z,3.14159265358979,1,1.5,1,2,1,2,1,,9,,,
1996-09-07T15:34Z,,1,0,1,2,1,1,1,,9,,,
1996-09-07T17:14Z,,1,0,1,7,1,3,1,,9,,,
1996-09-07T17:34Z,,1,0,1,7,1,3,1,,9,,,
1996-09-07T18:34Z,,1,0,1,9,1,4,1,,9,,,
1996-09-07T19:34Z,,1,0,1,11,1,4,1,,9,,,
1996-09-07T21:14Z,0.872664625997165,1,1.5,1,12,1,3,1,,9,,,
1996-09-07T22:14Z,0.872664625997165,1,1.5,1,13,1,3,1,,9,,,
1996-09-07T23:14Z,0.174532925199433,1,2.1,1,13,1,4,1,,9,,,
1996-09-08T00:14Z,0,1,4.1,1,14,1,4,1,,9,,,
1996-09-08T00:34Z,0.174532925199433,1,2.6,1,14,1,4,1,,9,,,
1996-09-08T01:34Z,0.698131700797732,1,2.6,1,14,1,5,1,,9,,,
1996-09-08T02:34Z,,1,0,1,13,1,6,1,,9,,,
1996-09-08T03:34Z,,1,0,1,13,1,6,1,,9,,,
1996-09-08T04:34Z,3.31612557878923,1,3.6,1,7,1,3,1,,9,,,
1996-09-08T05:34Z,3.31612557878923,1,3.1,1,6,1,3,1,,9,,,
1996-09-08T06:34Z,3.31612557878923,1,2.1,1,5,1,3,1,,9,,,
1996-09-08T07:34Z,3.49065850398866,1,2.6,1,4,1,2,1,,9,,,
1996-09-08T08:34Z,3.49065850398866,1,2.1,1,4,1,2,1,,9,,,
1996-09-08T09:34Z,3.49065850398866,1,1.5,1,4,1,2,1,,9,,,
1996-09-08T10:34Z,3.31612557878923,1,2.1,1,4,1,2,1,,9,,,
1996-09-08T11:34Z,3.31612557878923,1,1.5,1,5,1,3,1,,9,,,
1996-09-08T12:34Z,,1,0,1,5,1,3,1,,9,,,
1996-09-08T14:14Z,,1,0,1,6,1,4,1,,9,,,
1996-09-08T14:34Z,,1,0,1,6,1,4,1,,9,,,
1996-09-08T15:34Z,,1,0,1,6,1,4,1,,9,,,
1996-09-08T16:34Z,,1,0,1,6,1,4,1,,9,,,
1996-09-08T17:34Z,,1,0,1,7,1,4,1,,9,,,
1996-09-08T18:34Z,,1,0,1,9,1,4,1,,9,,,
1996-09-08T19:34Z,,1,0,1,11,1,4,1,,9,,,
1996-09-08T20:34Z,0.872664625997165,1,2.1,1,11,1,4,1,,9,,,
1996-09-08T21:34Z,1.22173047639603,1,1.5,1,12,1,4,1,,9,,,
1996-09-08T22:34Z,1.22173047639603,1,1.5,1,13,1,4,1,,9,,,
1996-09-08T23:34Z,0.523598775598299,1,3.6,1,14,1,5,1,,9,,,
1996-09-09T00:34Z,5.93411945678072,1,6.2,1,15,1,2,1,,9,,,
1996-09-09T01:54Z,5.93411945678072,1,5.7,1,15,1,1,1,,9,,,
1996-09-09T02:34Z,5.75958653158129,1,5.7,1,14,1,1,1,,9,,,
1996-09-09T03:34Z,6.10865238198015,1,5.1,1,13,1,1,1,,9,,,
1996-09-09T04:34Z,1.22173047639603,1,2.6,1,12,1,4,1,,9,,,
1996-09-09T05:34Z,3.31612557878923,1,2.1,1,8,1,4,1,,9,,,
1996-09-09T06:34Z,3.31612557878923,1,2.6,1,7,1,4,1,,9,,,
1996-09-09T07:34Z,3.31612557878923,1,2.6,1,5,1,2,1,,9,,,
1996-09-09T08:34Z,,1,0,1,4,1,3,1,,9,,,
1996-09-09T09:34Z,,1,0,1,4,1,2,1,,9,,,
1996-09-09T10:34Z,,1,0,1,3,1,2,1,,9,,,
1996-09-09T11:34Z,,1,0,1,3,1,1,1,,9,,,
1996-09-09T12:34Z,,1,0,1,3,1,1,1,,9,,,
1996-09-09T14:14Z,,1,0,1,4,1,1,1,,9,,,
1996-09-09T14:34Z,3.66519142918809,1,1.5,1,4,1,2,1,,9,,,
1996-09-09T15:34Z,,1,0,1,5,1,3,1,,9,,,
1996-09-09T16:34Z,1.91986217719376,1,1.5,1,6,1,3,1,,9,,,
1996-09-09T17:34Z,,1,0,1,6,1,3,1,,9,,,
1996-09-09T19:14Z,2.79252680319093,1,1.5,1,9,1,4,1,,9,,,
1996-09-09T20:14Z,,1,0,1,10,1,3,1,,9,,,
1996-09-09T20:34Z,,1,0,1,11,1,3,1,,9,,,
1996-09-09T21:34Z,,1,0,1,10,1,4,1,,9,,,
1996-09-09T22:34Z,,1,0,1,11,1,4,1,,9,,,
1996-09-09T23:34Z,0.523598775598299,1,1.5,1,10,1,6,1,,9,,,
1996-09-10T00:34Z,,1,0,1,9,1,4,1,,9,,,
1996-09-10T01:34Z,,1,0,1,9,1,4,1,,9,,,
1996-09-10T02:34Z,3.14159265358979,1,1.5,1,9,1,7,1,,9,,,
1996-09-10T03:34Z,3.14159265358979,1,1.5,1,8,1,6,1,,9,,,
1996-09-10T04:34Z,3.31612557878923,1,1.5,1,7,1,6,1,,9,,,
1996-09-10T05:34Z,,1,0,1,7,1,7,1,,9,,,
1996-09-10T06:34Z,,1,0,1,7,1,6,1,,9,,,
1996-09-10T07:34Z,2.96705972839036,1,1.5,1,6,1,5,1,,9,,,
1996-09-10T08:34Z,3.14159265358979,1,1.5,1,6,1,5,1,,9,,,
1996-09-10T09:34Z,,1,0,1,7,1,5,1,,9,,,
1996-09-10T11:14Z,2.96705972839036,1,2.1,1,6,1,4,1,,9,,,
1996-09-10T11:34Z,,1,0,1,5,1,3,1,,9,,,
1996-09-10T12:34Z,,1,0,1,4,1,4,1,,9,,,
1996-09-10T13:54Z,,1,0,1,5,1,3,1,,9,,,
1996-09-10T14:34Z,3.83972435438753,1,1.5,1,5,1,4,1,,9,,,
1996-09-10T15:54Z,1.74532925199433,1,1.5,1,6,1,4,1,,9,,,
1996-09-10T16:34Z,,1,0,1,6,1,5,1,,9,,,
1996-09-10T18:14Z,,1,0,1,8,1,4,1,,9,,,
1996-09-10T18:34Z,,1,0,1,8,1,5,1,,9,,,
1996-09-10T19:34Z,,1,0,1,9,1,6,1,,9,,,
1996-09-10T20:34Z,,1,0,1,9,1,6,1,,9,,,
1996-09-10T22:14Z,,1,0,1,9,1,4,1,,9,,,
1996-09-10T22:34Z,,1,0,1,10,1,5,1,,9,,,
1996-09-10T23:34Z,,1,0,1,11,1,4,1,,9,,,
1996-09-11T00:34Z,,1,0,1,11,1,5,1,,9,,,
1996-09-11T01:34Z,,1,0,1,11,1,4,1,,9,,,
1996-09-11T02:34Z,,1,0,1,11,1,7,1,,9,,,
1996-09-11T03:34Z,,1,0,1,10,1,7,1,,9,,,
1996-09-11T04:34Z,3.66519142918809,1,2.1,1,11,1,7,1,,9,,,
1996-09-11T05:34Z,3.83972435438753,1,1.5,1,9,1,7,1,,9,,,
1996-09-11T06:34Z,3.49065850398866,1,1.5,1,9,1,7,1,,9,,,
1996-09-11T07:34Z,,1,0,1,9,1,7,1,,9,,,
1996-09-11T08:34Z,,1,0,1,9,1,7,1,,9,,,
1996-09-11T09:34Z,,1,0,1,8,1,7,1,,9,,,
1996-09-11T10:34Z,4.71238898038469,1,2.1,1,9,1,7,1,,9,,,
1996-09-11T11:34Z,1.5707963267949,1,2.6,1,8,1,6,1,,9,,,
1996-09-11T12:34Z,2.79252680319093,1,1.5,1,8,1,7,1,,9,,,
1996-09-11T13:54Z,,1,0,1,8,1,5,1,,9,,,
1996-09-11T14:34Z,1.74532925199433,1,1.5,1,7,1,6,1,,9,,,
1996-09-11T15:34Z,5.23598775598299,1,1.5,1,8,1,6,1,,9,,,
1996-09-11T17:14Z,,1,0,1,8,1,6,1,,9,,,
1996-09-11T17:54Z,,1,0,1,8,1,7,1,,9,,,
1996-09-11T18:34Z,,1,0,1,8,1,8,1,,9,,,
1996-09-11T19:34Z,3.31612557878923,1,1.5,1,9,1,8,1,,9,,,
1996-09-11T20:34Z,3.14159265358979,1,2.6,1,9,1,8,1,,9,,,
1996-09-11T21:14Z,2.26892802759263,1,2.6,1,,9,,9,,9,,,
1996-09-11T22:14Z,3.31612557878923,1,1.5,1,11,1,8,1,,9,,,
1996-09-11T23:14Z,0.349065850398866,1,2.1,1,9,1,7,1,,9,0.001,1,3600
1996-09-11T23:34Z,6.10865238198015,1,1.5,1,9,1,7,1,,9,0.002,1,3600
1996-09-12T00:34Z,,1,0,1,9,1,8,1,,9,,,
1996-09-12T01:34Z,,1,0,1,9,1,8,1,,9,,,
1996-09-12T02:34Z,,1,0,1,9,1,8,1,,9,,,
1996-09-12T03:34Z,2.44346095279206,1,1.5,1,9,1,7,1,,9,,,
1996-09-12T04:34Z,,1,0,1,8,1,7,1,,9,,,
1996-09-12T05:34Z,,1,0,1,8,1,7,1,,9,,,
1996-09-12T06:54Z,3.14159265358979,1,1.5,1,8,1,7,1,,9,3e-04,1,3600
1996-09-12T07:34Z,,1,0,1,8,1,7,1,,9,,,
1996-09-12T11:34Z,,1,0,1,7,1,7,1,,9,,,
1996-09-12T13:14Z,,1,0,1,7,1,6,1,,9,,,
1996-09-12T13:54Z,,1,0,1,7,1,6,1,,9,,,
1996-09-12T14:34Z,,1,0,1,7,1,6,1,,9,,,
1996-09-12T15:34Z,,1,0,1,7,1,7,1,,9,,,
1996-09-12T16:34Z,,1,0,1,7,1,5,1,,9,,,
1996-09-12T17:54Z,,1,0,1,8,1,7,1,,9,,,
1996-09-12T18:54Z,,1,0,1,8,1,7,1,,9,,,
1996-09-12T19:34Z,,1,0,1,9,1,8,1,,9,,,
1996-09-12T20:34Z,,1,0,1,9,1,7,1,,9,,,
1996-09-12T21:34Z,,1,0,1,11,1,7,1,,9,,,
1996-09-12T23:14Z,,1,0,1,11,1,8,1,,9,,,
1996-09-12T23:54Z,1.22173047639603,1,2.1,1,11,1,8,1,,9,,,
1996-09-13T00:34Z,,1,0,1,11,1,8,1,,9,,,
1996-09-13T01:34Z,,1,0,1,11,1,8,1,,9,,,
1996-09-13T02:54Z,,1,0,1,11,1,8,1,,9,,,
1996-09-13T03:34Z,,1,0,1,10,1,8,1,,9,3e-04,1,3600
1996-09-13T04:34Z,,1,0,1,9,1,8,1,,9,,,
1996-09-13T05:34Z,,1,0,1,8,1,7,1,,9,,,
1996-09-13T07:14Z,3.14159265358979,1,3.1,1,8,1,6,1,,9,,,
1996-09-13T07:34Z,,1,0,1,8,1,6,1,,9,,,
1996-09-13T08:34Z,,1,0,1,7,1,6,1,,9,3e-04,1,3600
1996-09-13T09:54Z,,1,0,1,7,1,6,1,,9,,,
1996-09-13T10:34Z,,1,0,1,7,1,6,1,,9,,,
1996-09-13T11:34Z,,1,0,1,7,1,6,1,,9,,,
1996-09-13T12:34Z,,1,0,1,7,1,6,1,,9,,,
1996-09-13T13:54Z,,1,0,1,7,1,6,1,,9,,,
1996-09-13T14:34Z,3.14159265358979,1,2.1,1,7,1,6,1,,9,,,
1996-09-13T15:34Z,1.0471975511966,1,1.5,1,7,1,6,1,,9,,,
1996-09-13T16:34Z,,1,0,1,8,1,6,1,,9,,,
1996-09-13T17:34Z,,1,0,1,8,1,7,1,,9,,,
1996-09-13T18:34Z,3.31612557878923,1,1.5,1,8,1,7,1,,9,,,
1996-09-13T19:34Z,,1,0,1,9,1,8,1,,9,,,
1996-09-13T20:34Z,,1,0,1,9,1,8,1,,9,,,
1996-09-13T22:14Z,,1,0,1,10,1,8,1,,9,3e-04,1,3600
1996-09-13T22:34Z,,1,0,1,10,1,8,1,,9,3e-04,1,3600
1996-09-13T23:34Z,,1,0,1,9,1,8,1,,9,,,
1996-09-14T00:34Z,,1,0,1,10,1,8,1,,9,,,
1996-09-14T01:34Z,,1,0,1,11,1,9,1,,9,,,
1996-09-14T02:34Z,6.10865238198015,1,1.5,1,10,1,8,1,,9,,,
1996-09-14T03:54Z,,1,0,1,9,1,7,1,,9,,,
1996-09-14T04:34Z,,1,0,1,9,1,7,1,,9,,,
1996-09-14T05:34Z,,1,0,1,8,1,7,1,,9,,,
1996-09-14T06:34Z,,1,0,1,7,1,7,1,,9,,,
1996-09-14T07:34Z,,1,0,1,6,1,6,1,,9,,,
1996-09-14T08:34Z,3.49065850398866,1,2.1,1,5,1,4,1,,9,,,
1996-09-14T09:34Z,,1,0,1,4,1,3,1,,9,,,
1996-09-14T11:14Z,,1,0,1,6,1,5,1,,9,,,
1996-09-14T11:34Z,,1,0,1,6,1,4,1,,9,,,
1996-09-14T12:34Z,,1,0,1,6,1,5,1,,9,,,
1996-09-14T14:14Z,,1,0,1,5,1,4,1,,9,,,
1996-09-14T16:14Z,,1,0,1,6,1,4,1,,9,,,
1996-09-14T16:34Z,2.44346095279206,1,1.5,1,7,1,6,1,,9,,,
1996-09-14T17:34Z,,1,0,1,9,1,7,1,,9,,,
1996-09-14T18:34Z,0.523598775598299,1,2.1,1,10,1,7,1,,9,,,
1996-09-14T19:34Z,0.698131700797732,1,2.6,1,12,1,8,1,,9,,,
1996-09-14T21:14Z,0.698131700797732,1,1.5,1,12,1,7,1,,9,,,
1996-09-14T21:34Z,0.698131700797732,1,1.5,1,13,1,8,1,,9,,,
1996-09-14T22:34Z,0.349065850398866,1,2.1,1,15,1,8,1,,9,,,
1996-09-14T23:34Z,0.523598775598299,1,2.6,1,15,1,7,1,,9,,,
1996-09-15T00:34Z,0.523598775598299,1,3.1,1,14,1,7,1,,9,,,
1996-09-15T01:54Z,0,1,4.6,1,13,1,7,1,,9,,,
1996-09-15T02:34Z,5.93411945678072,1,4.1,1,12,1,8,1,,9,,,
1996-09-15T03:34Z,0,1,3.6,1,12,1,7,1,,9,,,
1996-09-15T05:14Z,,1,0,1,11,1,8,1,,9,,,
1996-09-15T05:34Z,,1,0,1,10,1,8,1,,9,,,
1996-09-15T06:34Z,,1,0,1,10,1,8,1,,9,,,
1996-09-15T07:34Z,2.0943951023932,1,1.5,1,9,1,8,1,,9,,,
1996-09-15T08:34Z,3.31612557878923,1,1.5,1,8,1,7,1,,9,,,
1996-09-15T09:34Z,,1,0,1,8,1,8,1,,9,,,
1996-09-15T10:34Z,3.14159265358979,1,2.1,1,8,1,7,1,,9,,,
1996-09-15T11:34Z,,1,0,1,8,1,7,1,,9,,,
1996-09-15T12:34Z,3.31612557878923,1,2.6,1,7,1,6,1,,9,,,
1996-09-15T13:54Z,,1,0,1,7,1,7,1,,9,,,
1996-09-15T14:34Z,3.14159265358979,1,2.1,1,8,1,6,1,,9,,,
1996-09-15T15:34Z,3.31612557878923,1,2.1,1,7,1,6,1,,9,,,
1996-09-15T16:34Z,,1,0,1,8,1,6,1,,9,,,
1996-09-15T17:34Z,,1,0,1,8,1,7,1,,9,,,
1996-09-15T19:14Z,,1,0,1,10,1,8,1,,9,,,
1996-09-15T19:34Z,,1,0,1,11,1,8,1,,9,,,
1996-09-15T20:34Z,,1,0,1,11,1,8,1,,9,,,
1996-09-15T21:34Z,,1,0,1,11,1,8,1,,9,,,
1996-09-15T22:34Z,1.0471975511966,1,1.5,1,12,1,8,1,,9,,,
1996-09-15T23:34Z,,1,0,1,12,1,8,1,,9,,,
1996-09-16T00:34Z,0.698131700797732,1,2.1,1,13,1,8,1,,9,,,
1996-09-16T02:14Z,,1,0,1,12,1,8,1,,9,,,
1996-09-16T02:34Z,,1,0,1,12,1,8,1,,9,,,
1996-09-16T04:14Z,2.96705972839036,1,1.5,1,9,1,6,1,,9,,,
1996-09-16T04:34Z,3.14159265358979,1,1.5,1,8,1,6,1,,9,,,
1996-09-16T05:34Z,,1,0,1,7,1,6,1,,9,,,
1996-09-16T06:34Z,,1,0,1,7,1,5,1,,9,,,
1996-09-16T07:34Z,1.91986217719376,1,1.5,1,7,1,5,1,,9,,,
1996-09-16T08:34Z,,1,0,1,7,1,5,1,,9,,,
1996-09-16T09:36Z,3.83972435438753,1,1.5,1,8,1,6,1,,9,,,
1996-09-16T11:16Z,,1,0,1,7,1,6,1,,9,,,
1996-09-16T11:36Z,,1,0,1,8,1,6,1,,9,,,
1996-09-16T12:36Z,,1,0,1,7,1,5,1,,9,,,
1996-09-16T14:00Z,,1,0,1,7,1,6,1,,9,,,
1996-09-16T14:36Z,,1,0,1,7,1,5,1,,9,,,
1996-09-16T15:36Z,5.23598775598299,1,2.1,1,7,1,6,1,,9,,,
1996-09-16T16:36Z,5.93411945678072,1,2.6,1,8,1,6,1,,9,,,
1996-09-16T17:36Z,0,1,2.6,1,9,1,6,1,,9,,,
1996-09-16T18:36Z,,1,0,1,9,1,6,1,,9,,,
1996-09-16T20:00Z,,1,0,1,10,1,7,1,,9,,,
1996-09-16T21:00Z,,1,0,1,9,1,6,1,,9,,,
1996-09-16T21:36Z,,1,0,1,10,1,6,1,,9,,,
1996-09-16T23:16Z,0.523598775598299,1,1.5,1,9,1,6,1,,9,,,
1996-09-16T23:36Z,0.349065850398866,1,1.5,1,9,1,6,1,,9,,,
1996-09-17T00:36Z,,1,0,1,10,1,8,1,,9,,,
1996-09-17T02:16Z,,1,0,1,9,1,7,1,,9,,,
1996-09-17T03:00Z,,1,0,1,9,1,6,1,,9,3e-04,1,3600
1996-09-17T03:36Z,4.71238898038469,1,1.5,1,9,1,7,1,,9,,,
1996-09-17T04:36Z,3.31612557878923,1,2.1,1,8,1,7,1,,9,,,
1996-09-17T05:36Z,,1,0,1,8,1,6,1,,9,,,
1996-09-17T06:36Z,,1,0,1,7,1,5,1,,9,,,
1996-09-17T07:36Z,,1,0,1,7,1,6,1,,9,,,
1996-09-17T09:16Z,2.26892802759263,1,2.1,1,7,1,5,1,,9,,,
1996-09-17T09:36Z,,1,0,1,7,1,4,1,,9,,,
1996-09-17T10:36Z,,1,0,1,7,1,6,1,,9,8e-04,1,3600
1996-09-17T11:36Z,,1,0,1,7,1,5,1,,9,,,
1996-09-17T13:00Z,,1,0,1,7,1,6,1,,9,3e-04,1,3600
1996-09-17T14:00Z,,1,0,1,7,1,6,1,,9,,,
1996-09-17T14:36Z,,1,0,1,7,1,5,1,,9,,,
1996-09-17T16:16Z,1.39626340159546,1,1.5,1,7,1,6,1,,9,,,
1996-09-17T16:36Z,,1,0,1,7,1,5,1,,9,,,
1996-09-17T17:36Z,5.93411945678072,1,2.1,1,7,1,5,1,,9,,,
1996-09-17T18:35Z,3.49065850398866,1,1.5,1,8,1,6,1,,9,,,
1996-09-17T19:35Z,5.41052068118242,1,3.1,1,9,1,5,1,,9,,,
1996-09-17T21:15Z,0.174532925199433,1,4.1,1,11,1,6,1,,9,,,
1996-09-17T21:35Z,0.872664625997165,1,2.6,1,11,1,6,1,,9,,,
1996-09-17T22:35Z,0.174532925199433,1,1.5,1,11,1,6,1,,9,,,
1996-09-17T23:35Z,5.93411945678072,1,2.6,1,11,1,6,1,,9,,,
1996-09-18T01:15Z,6.10865238198015,1,2.1,1,10,1,7,1,,9,,,
1996-09-18T01:35Z,5.75958653158129,1,2.1,1,9,1,6,1,,9,,,
1996-09-18T02:35Z,,1,0,1,9,1,8,1,,9,,,
1996-09-18T03:35Z,,1,0,1,9,1,8,1,,9,,,
1996-09-18T05:15Z,,1,0,1,9,1,7,1,,9,,,
1996-09-18T05:35Z,,1,0,1,9,1,7,1,,9,,,
1996-09-18T06:35Z,0.174532925199433,1,2.1,1,8,1,7,1,,9,5e-04,1,3600
1996-09-18T07:35Z,,1,0,1,8,1,7,1,,9,3e-04,1,3600
1996-09-18T08:35Z,,1,0,1,8,1,7,1,,9,5e-04,1,3600
1996-09-18T09:35Z,5.23598775598299,1,1.5,1,8,1,7,1,,9,0.002,1,3600
1996-09-18T10:35Z,,1,0,1,8,1,7,1,,9,8e-04,1,3600
1996-09-18T11:35Z,,1,0,1,8,1,7,1,,9,3e-04,1,3600
1996-09-18T13:00Z,1.74532925199433,1,1.5,1,9,1,7,1,,9,8e-04,1,3600
1996-09-18T14:00Z,0,1,1.5,1,8,1,6,1,,9,,,
1996-09-18T15:15Z,,1,0,1,8,1,6,1,,9,,,
1996-09-18T15:35Z,,1,0,1,8,1,6,1,,9,,,
1996-09-18T16:35Z,,1,0,1,8,1,7,1,,9,,,
1996-09-18T17:35Z,,1,0,1,8,1,6,1,,9,,,
1996-09-18T18:35Z,5.93411945678072,1,1.5,1,9,1,7,1,,9,,,
1996-09-18T19:35Z,,1,0,1,9,1,7,1,,9,,,
1996-09-18T20:35Z,5.93411945678072,1,1.5,1,9,1,7,1,,9,,,
1996-09-18T22:00Z,0,1,2.1,1,10,1,5,1,,9,,,
1996-09-18T23:15Z,0.174532925199433,1,2.6,1,9,1,5,1,,9,,,
1996-09-18T23:35Z,0.174532925199433,1,2.6,1,9,1,5,1,,9,,,
1996-09-19T00:35Z,0.872664625997165,1,1.5,1,9,1,6,1,,9,,,
1996-09-19T01:35Z,0,1,2.1,1,9,1,6,1,,9,,,
1996-09-19T03:15Z,,1,0,1,8,1,6,1,,9,,,
1996-09-19T04:00Z,,1,0,1,8,1,6,1,,9,,,
1996-09-19T05:15Z,,1,0,1,7,1,6,1,,9,,,
1996-09-19T05:35Z,,1,0,1,7,1,6,1,,9,,,
1996-09-19T07:15Z,2.61799387799149,1,2.1,1,8,1,3,1,,9,,,
1996-09-19T08:15Z,,1,0,1,7,1,3,1,,9,,,
1996-09-19T08:35Z,,1,0,1,6,1,4,1,,9,,,
1996-09-19T10:15Z,3.31612557878923,1,1.5,1,3,1,2,1,,9,,,
1996-09-19T10:35Z,,1,0,1,3,1,2,1,,9,,,
1996-09-19T11:35Z,,1,0,1,3,1,2,1,,9,,,
1996-09-19T12:35Z,,1,0,1,3,1,2,1,,9,,,
1996-09-19T14:15Z,3.49065850398866,1,2.1,1,1,1,0,1,,9,,,
1996-09-19T15:00Z,3.83972435438753,1,1.5,1,2,1,2,1,,9,,,
1996-09-19T15:35Z,,1,0,1,2,1,1,1,,9,,,
1996-09-19T16:35Z,,1,0,1,2,1,1,1,,9,,,
1996-09-19T17:35Z,,1,0,1,5,1,3,1,,9,,,
1996-09-19T19:00Z,5.75958653158129,1,1.5,1,6,1,2,1,,9,,,
1996-09-19T19:35Z,0.698131700797732,1,1.5,1,7,1,2,1,,9,,,
1996-09-19T20:35Z,0.523598775598299,1,2.1,1,7,1,2,1,,9,,,
1996-09-19T21:35Z,,1,0,1,8,1,2,1,,9,,,
1996-09-19T22:35Z,1.0471975511966,1,2.1,1,8,1,2,1,,9,,,
1996-09-19T23:35Z,1.22173047639603,1,2.1,1,9,1,2,1,,9,,,
1996-09-20T01:00Z,1.0471975511966,1,3.1,1,10,1,2,1,,9,,,
1996-09-20T01:35Z,6.10865238198015,1,3.6,1,10,1,3,1,,9,,,
1996-09-20T02:35Z,5.93411945678072,1,5.7,1,10,1,2,1,,9,,,
1996-09-20T04:15Z,5.75958653158129,1,1.5,1,8,1,2,1,,9,,,
1996-09-20T04:35Z,2.79252680319093,1,1.5,1,7,1,3,1,,9,,,
1996-09-20T05:35Z,3.14159265358979,1,2.1,1,4,1,2,1,,9,,,
1996-09-20T06:35Z,,1,0,1,3,1,1,1,,9,,,
1996-09-20T07:35Z,,1,0,1,3,1,2,1,,9,,,
1996-09-20T08:35Z,,1,0,1,4,1,2,1,,9,,,
1996-09-20T09:35Z,3.31612557878923,1,2.1,1,3,1,1,1,,9,,,
1996-09-20T11:15Z,,1,0,1,1,1,1,1,,9,,,
1996-09-20T11:35Z,,1,0,1,1,1,-1,1,,9,,,
1996-09-20T12:35Z,3.14159265358979,1,1.5,1,2,1,1,1,,9,,,
1996-09-20T14:00Z,2.96705972839036,1,2.6,1,1,1,0,1,,9,,,
1996-09-20T14:35Z,,1,0,1,1,1,-1,1,,9,,,
1996-09-20T15:35Z,,1,0,1,1,1,-1,1,,9,,,
1996-09-20T17:15Z,,1,0,1,1,1,0,1,,9,,,
1996-09-20T17:35Z,3.31612557878923,1,1.5,1,2,1,1,1,,9,,,
1996-09-20T18:35Z,,1,0,1,5,1,2,1,,9,,,
1996-09-20T19:35Z,,1,0,1,7,1,2,1,,9,,,
1996-09-20T20:35Z,1.39626340159546,1,1.5,1,8,1,2,1,,9,,,
1996-09-20T22:15Z,0.174532925199433,1,2.6,1,9,1,2,1,,9,,,
1996-09-20T22:35Z,0.349065850398866,1,2.6,1,9,1,2,1,,9,,,
1996-09-20T23:35Z,0.523598775598299,1,2.6,1,10,1,3,1,,9,,,
1996-09-21T01:00Z,0.174532925199433,1,2.1,1,11,1,3,1,,9,,,
1996-09-21T01:35Z,0.174532925199433,1,3.1,1,10,1,3,1,,9,,,
1996-09-21T02:35Z,0.174532925199433,1,2.1,1,11,1,2,1,,9,,,
1996-09-21T03:35Z,5.41052068118242,1,1.5,1,9,1,2,1,,9,,,
1996-09-21T04:35Z,3.31612557878923,1,2.1,1,6,1,3,1,,9,,,
1996-09-21T05:35Z,,1,0,1,4,1,2,1,,9,,,
1996-09-21T06:35Z,2.96705972839036,1,2.1,1,3,1,1,1,,9,,,
1996-09-21T07:35Z,,1,0,1,2,1,1,1,,9,,,
1996-09-21T08:35Z,,1,0,1,3,1,3,1,,9,,,
1996-09-21T10:15Z,,1,0,1,3,1,1,1,,9,,,
1996-09-21T10:35Z,,1,0,1,2,1,1,1,,9,,,
1996-09-21T11:35Z,3.14159265358979,1,1.5,1,2,1,1,1,,9,,,
1996-09-21T13:15Z,3.31612557878923,1,1.5,1,2,1,1,1,,9,,,
1996-09-21T14:00Z,2.44346095279206,1,1.5,1,2,1,1,1,,9,,,
1996-09-21T14:35Z,,1,0,1,3,1,1,1,,9,,,
1996-09-21T16:15Z,0.872664625997165,1,1.5,1,5,1,2,1,,9,,,
1996-09-21T16:35Z,3.31612557878923,1,2.6,1,4,1,2,1,,9,,,
1996-09-21T17:35Z,,1,0,1,6,1,3,1,,9,,,
1996-09-21T19:15Z,6.10865238198015,1,1.5,1,5,1,3,1,,9,,,
1996-09-21T19:35Z,0,1,1.5,1,5,1,3,1,,9,,,
1996-09-21T20:35Z,0.349065850398866,1,2.6,1,4,1,2,1,,9,,,
1996-09-21T21:35Z,,1,0,1,4,1,3,1,,9,,,
1996-09-21T22:35Z,0.174532925199433,1,1.5,1,4,1,2,1,,9,,,
1996-09-21T23:14Z,,1,0,1,4,1,2,1,,9,,,
1996-09-22T00:15Z,0.349065850398866,1,1.5,1,4,1,3,1,,9,,,
1996-09-22T00:35Z,,1,0,1,4,1,2,1,,9,8e-04,1,3600
1996-09-22T01:31Z,0,1,2.6,1,4,1,2,1,,9,,,
1996-09-22T01:35Z,6.10865238198015,1,3.1,1,4,1,2,1,,9,,,
1996-09-22T02:35Z,0.174532925199433,1,1.5,1,4,1,2,1,,9,,,
1996-09-22T03:35Z,,1,0,1,4,1,2,1,,9,,,
1996-09-22T04:35Z,,1,0,1,4,1,3,1,,9,,,
1996-09-22T05:35Z,,1,0,1,3,1,3,1,,9,,,
1996-09-22T06:35Z,,1,0,1,2,1,1,1,,9,,,
1996-09-22T07:35Z,,1,0,1,2,1,2,1,,9,,,
1996-09-22T08:35Z,4.01425727958696,1,2.1,1,2,1,1,1,,9,,,
1996-09-22T09:35Z,,1,0,1,1,1,1,1,,9,,,
1996-09-22T11:00Z,,1,0,1,1,1,0,1,,9,,,
1996-09-22T11:35Z,3.49065850398866,1,2.1,1,1,1,1,1,,9,,,
1996-09-22T12:35Z,,1,0,1,2,1,1,1,,9,,,
1996-09-22T13:35Z,3.83972435438753,1,2.1,1,2,1,2,1,,9,,,
1996-09-22T14:35Z,1.39626340159546,1,1.5,1,1,1,0,1,,9,,,
1996-09-22T15:35Z,,1,0,1,1,1,0,1,,9,,,
1996-09-22T17:15Z,1.74532925199433,1,1.5,1,2,1,1,1,,9,,,
1996-09-22T18:00Z,,1,0,1,2,1,1,1,,9,,,
1996-09-22T19:00Z,,1,0,1,3,1,2,1,,9,,,
1996-09-22T20:00Z,5.93411945678072,1,5.1,1,3,1,0,1,,9,,,
1996-09-22T20:35Z,5.75958653158129,1,3.6,1,4,1,-1,1,,9,,,
1996-09-22T21:35Z,,1,0,1,4,1,0,1,,9,3e-04,1,3600
1996-09-22T23:15Z,2.44346095279206,1,3.6,1,5,1,2,1,,9,,,
1996-09-22T23:35Z,2.26892802759263,1,2.1,1,5,1,3,1,,9,,,
1996-09-23T01:15Z,0,1,3.6,1,5,1,2,1,,9,,,
1996-09-23T01:35Z,6.10865238198015,1,2.1,1,5,1,1,1,,9,,,
1996-09-23T03:15Z,,1,0,1,4,1,1,1,,9,,,
1996-09-23T03:35Z,,1,0,1,4,1,2,1,,9,,,
1996-09-23T04:35Z,2.79252680319093,1,2.6,1,4,1,1,1,,9,,,
1996-09-23T05:35Z,,1,0,1,3,1,1,1,,9,,,
1996-09-23T06:35Z,,1,0,1,3,1,1,1,,9,,,
1996-09-23T10:15Z,,1,0,1,1,1,1,1,,9,,,
1996-09-23T11:15Z,,1,0,1,1,1,0,1,,9,,,
1996-09-23T11:35Z,,1,0,1,1,1,0,1,,9,,,
1996-09-23T12:35Z,,1,0,1,1,1,-2,1,,9,,,
1996-09-23T13:35Z,,1,0,1,1,1,0,1,,9,,,
1996-09-23T14:35Z,3.83972435438753,1,2.6,1,2,1,-1,1,,9,,,
1996-09-23T16:00Z,2.26892802759263,1,1.5,1,2,1,-1,1,,9,,,
1996-09-23T16:35Z,,1,0,1,1,1,-1,1,,9,,,
1996-09-23T17:35Z,5.75958653158129,1,2.1,1,1,1,-1,1,,9,,,
1996-09-23T19:00Z,,1,0,1,1,1,-1,1,,9,,,
1996-09-23T20:15Z,,1,0,1,1,1,-1,1,,9,,,
1996-09-23T20:35Z,6.10865238198015,1,2.1,1,1,1,-1,1,,9,,,
1996-09-23T21:35Z,5.58505360638185,1,2.6,1,2,1,0,1,,9,0.0013,1,3600
1996-09-23T23:15Z,0,1,2.1,1,3,1,-1,1,,9,,,
1996-09-24T00:00Z,,1,0,1,2,1,-1,1,,9,8e-04,1,3600
1996-09-24T00:35Z,,1,0,1,2,1,-1,1,,9,8e-04,1,3600
1996-09-24T02:00Z,,1,0,1,3,1,1,1,,9,,,
1996-09-24T02:35Z,,1,0,1,3,1,0,1,,9,,,
1996-09-24T04:00Z,,1,0,1,3,1,1,1,,9,,,
1996-09-24T08:15Z,4.88692190558412,1,2.1,1,1,1,-1,1,,9,3e-04,1,3600
1996-09-24T09:15Z,,1,0,1,1,1,-1,1,,9,3e-04,1,3600
1996-09-24T09:35Z,,1,0,1,1,1,-1,1,,9,3e-04,1,3600
1996-09-24T10:35Z,,1,0,1,1,1,0,1,,9,,,
1996-09-24T11:35Z,,1,0,1,1,1,-1,1,,9,,,
1996-09-24T12:35Z,,1,0,1,1,1,-1,1,,9,,,
1996-09-24T14:15Z,,1,0,1,1,1,1,1,,9,,,
1996-09-24T14:35Z,3.83972435438753,1,1.5,1,1,1,1,1,,9,,,
1996-09-24T15:35Z,,1,0,1,1,1,1,1,,9,,,
1996-09-24T17:15Z,4.53785605518526,1,1.5,1,1,1,-1,1,,9,,,
1996-09-24T17:35Z,,1,0,1,2,1,0,1,,9,,,
1996-09-24T18:35Z,4.36332312998582,1,2.1,1,2,1,1,1,,9,,,
1996-09-24T19:35Z,,1,0,1,4,1,-1,1,,9,,,
1996-09-24T23:15Z,,1,0,1,6,1,1,1,,9,,,
1996-09-24T23:35Z,,1,0,1,6,1,-1,1,,9,,,
1996-09-25T00:35Z,6.10865238198015,1,1.5,1,4,1,1,1,,9,,,
1996-09-25T01:35Z,,1,0,1,4,1,1,1,,9,,,
1996-09-25T02:35Z,,1,0,1,4,1,1,1,,9,,,
1996-09-25T04:15Z,1.0471975511966,1,2.1,1,5,1,-1,1,,9,,,
1996-09-25T05:15Z,5.75958653158129,1,2.1,1,4,1,-1,1,,9,,,
1996-09-25T05:35Z,5.93411945678072,1,1.5,1,5,1,-1,1,,9,,,
1996-09-25T06:35Z,,1,0,1,4,1,2,1,,9,,,
1996-09-25T07:35Z,5.58505360638185,1,2.1,1,4,1,1,1,,9,5e-04,1,3600
1996-09-25T08:35Z,0,1,3.1,1,4,1,2,1,,9,0.001,1,3600
1996-09-25T09:35Z,,1,0,1,3,1,2,1,,9,0.0025,1,3600
1996-09-25T10:35Z,2.96705972839036,1,1.5,1,3,1,2,1,,9,0.0025,1,3600
1996-09-25T11:35Z,,1,0,1,3,1,2,1,,9,0.003,1,3600
1996-09-25T12:35Z,4.36332312998582,1,1.5,1,3,1,2,1,,9,0.002,1,3600
1996-09-25T13:35Z,2.61799387799149,1,1.5,1,3,1,2,1,,9,8e-04,1,3600
1996-09-25T15:15Z,,1,0,1,4,1,2,1,,9,,,
1996-09-25T15:35Z,0.698131700797732,1,3.1,1,4,1,3,1,,9,,,
1996-09-25T15:39Z,0.698131700797732,1,2.6,1,,9,,9,,9,,,
1996-09-25T16:35Z,4.36332312998582,1,3.1,1,4,1,3,1,,9,,,
1996-09-25T18:00Z,4.88692190558412,1,2.1,1,6,1,4,1,,9,,,
1996-09-25T19:16Z,5.58505360638185,1,3.6,1,8,1,4,1,,9,,,
1996-09-25T20:16Z,5.75958653158129,1,8.7,1,8,1,3,1,,9,,,
1996-09-25T20:36Z,5.75958653158129,1,6.2,1,7,1,3,1,,9,,,
1996-09-25T21:36Z,4.88692190558412,1,3.6,1,8,1,2,1,,9,,,
1996-09-25T22:36Z,,1,0,1,8,1,1,1,,9,,,
1996-09-26T00:16Z,3.66519142918809,1,2.6,1,8,1,2,1,,9,,,
1996-09-26T00:25Z,,9,,9,7,1,2,1,,9,,,
1996-09-26T01:16Z,0.523598775598299,1,1.5,1,7,1,0,1,,9,5e-04,1,3600
1996-09-26T01:26Z,5.41052068118242,1,3.6,1,7,1,2,1,,9,,,
1996-09-26T01:32Z,4.88692190558412,1,2.6,1,7,1,2,1,,9,,,
1996-09-26T02:00Z,5.75958653158129,1,2.1,1,8,1,-2,1,,9,0.001,1,3600
1996-09-26T02:36Z,3.49065850398866,1,2.6,1,7,1,1,1,,9,,,
1996-09-26T04:00Z,5.75958653158129,1,3.6,1,6,1,-1,1,,9,,,
1996-09-26T04:12Z,4.88692190558412,1,3.1,1,5,1,-1,1,,9,,,
1996-09-26T05:16Z,3.31612557878923,1,3.6,1,4,1,1,1,,9,0.001,1,3600
1996-09-26T05:20Z,3.66519142918809,1,4.1,1,4,1,1,1,,9,,,
1996-09-26T06:16Z,2.79252680319093,1,2.1,1,4,1,1,1,,9,3e-04,1,3600
1996-09-26T06:36Z,3.83972435438753,1,1.5,1,4,1,1,1,,9,8e-04,1,3600
1996-09-26T07:36Z,2.61799387799149,1,3.1,1,4,1,1,1,,9,5e-04,1,3600
1996-09-26T08:36Z,,1,0,1,4,1,1,1,,9,,,
1996-09-26T09:36Z,1.91986217719376,1,2.1,1,4,1,1,1,,9,,,
1996-09-26T10:36Z,0.174532925199433,1,2.1,1,3,1,1,1,,9,0.001,1,3600
1996-09-26T11:36Z,2.44346095279206,1,3.6,1,4,1,2,1,,9,5e-04,1,3600
1996-09-26T12:36Z,,1,0,1,3,1,1,1,,9,5e-04,1,3600
1996-09-26T14:16Z,,1,0,1,3,1,1,1,,9,,,
1996-09-26T14:36Z,,1,0,1,3,1,2,1,,9,,,
1996-09-26T16:00Z,3.66519142918809,1,1.5,1,2,1,1,1,,9,,,
1996-09-26T16:36Z,,1,0,1,2,1,1,1,,9,,,
1996-09-26T17:36Z,,1,0,1,2,1,1,1,,9,,,
1996-09-26T18:36Z,4.71238898038469,1,2.1,1,3,1,1,1,,9,,,
1996-09-26T19:36Z,,1,0,1,3,1,2,1,,9,,,
1996-09-26T21:16Z,5.41052068118242,1,1.5,1,4,1,2,1,,9,3e-04,1,3600
1996-09-26T21:36Z,6.10865238198015,1,1.5,1,5,1,2,1,,9,3e-04,1,3600
1996-09-26T23:00Z,,1,0,1,6,1,2,1,,9,,,
1996-09-27T00:00Z,0.523598775598299,1,2.1,1,7,1,0,1,,9,,,
1996-09-27T00:36Z,0.523598775598299,1,2.1,1,7,1,0,1,,9,,,
1996-09-27T02:16Z,,1,0,1,7,1,0,1,,9,,,
1996-09-27T02:36Z,,1,0,1,6,1,0,1,,9,,,
1996-09-27T03:36Z,,1,0,1,5,1,2,1,,9,,,
1996-09-27T04:36Z,3.31612557878923,1,1.5,1,3,1,1,1,,9,,,
1996-09-27T05:36Z,,1,0,1,2,1,-1,1,,9,,,
1996-09-27T07:16Z,,1,0,1,1,1,-2,1,,9,,,
1996-09-27T07:36Z,,1,0,1,1,1,-1,1,,9,,,
1996-09-27T08:36Z,,1,0,1,1,1,-1,1,,9,,,
1996-09-27T09:36Z,,1,0,1,2,1,-1,1,,9,,,
1996-09-27T11:16Z,4.36332312998582,1,2.1,1,1,1,0,1,,9,,,
1996-09-27T11:36Z,,1,0,1,2,1,0,1,,9,,,
1996-09-27T12:36Z,,1,0,1,1,1,0,1,,9,,,
1996-09-27T14:00Z,3.66519142918809,1,2.1,1,1,1,-1,1,,9,,,
1996-09-27T14:36Z,,1,0,1,1,1,0,1,,9,,,
1996-09-27T16:16Z,,1,0,1,1,1,0,1,,9,,,
1996-09-27T16:36Z,,1,0,1,0,1,-2,1,,9,,,
1996-09-27T17:36Z,,1,0,1,1,1,-1,1,,9,,,
1996-09-27T19:16Z,,1,0,1,3,1,0,1,,9,,,
1996-09-27T19:36Z,,1,0,1,4,1,0,1,,9,,,
1996-09-27T20:36Z,,1,0,1,6,1,-2,1,,9,,,
1996-09-27T21:36Z,0.349065850398866,1,1.5,1,7,1,-1,1,,9,,,
1996-09-27T22:36Z,1.0471975511966,1,2.6,1,7,1,-2,1,,9,,,
1996-09-27T23:36Z,0.349065850398866,1,2.1,1,8,1,-2,1,,9,,,
1996-09-28T01:00Z,0.174532925199433,1,1.5,1,7,1,-1,1,,9,,,
1996-09-28T01:36Z,,1,0,1,7,1,-2,1,,9,,,
1996-09-28T02:36Z,,1,0,1,7,1,-1,1,,9,,,
1996-09-28T04:00Z,2.96705972839036,1,1.5,1,5,1,-1,1,,9,,,
1996-09-28T04:36Z,2.44346095279206,1,2.1,1,4,1,-2,1,,9,,,
1996-09-28T05:36Z,,1,0,1,3,1,-1,1,,9,,,
1996-09-28T06:36Z,,1,0,1,2,1,-1,1,,9,,,
1996-09-28T07:36Z,,1,0,1,1,1,-1,1,,9,,,
1996-09-28T08:36Z,,1,0,1,-1,1,-2,1,,9,,,
1996-09-28T09:36Z,,1,0,1,-1,1,-2,1,,9,,,
1996-09-28T10:36Z,,1,0,1,-1,1,-2,1,,9,,,
1996-09-28T11:36Z,3.66519142918809,1,1.5,1,-1,1,-3,1,,9,,,
1996-09-28T13:16Z,,1,0,1,-2,1,-3,1,,9,,,
1996-09-28T13:36Z,,1,0,1,-2,1,-3,1,,9,,,
1996-09-28T14:36Z,,1,0,1,-3,1,-4,1,,9,,,
1996-09-28T16:16Z,,1,0,1,-2,1,-3,1,,9,,,
1996-09-28T16:36Z,,1,0,1,-3,1,-6,1,,9,,,
1996-09-28T17:36Z,1.5707963267949,1,1.5,1,-1,1,-3,1,,9,,,
1996-09-28T18:36Z,,1,0,1,2,1,-3,1,,9,,,
1996-09-28T20:16Z,,1,0,1,4,1,-4,1,,9,,,
1996-09-28T20:36Z,0.349065850398866,1,1.5,1,5,1,-3,1,,9,,,
1996-09-28T21:36Z,,1,0,1,6,1,-4,1,,9,,,
1996-09-28T23:00Z,0.698131700797732,1,2.6,1,8,1,-3,1,,9,,,
1996-09-28T23:36Z,0,1,1.5,1,8,1,-2,1,,9,,,
1996-09-29T00:36Z,0.174532925199433,1,2.1,1,7,1,-2,1,,9,,,
1996-09-29T01:36Z,0.174532925199433,1,1.5,1,8,1,-2,1,,9,,,
1996-09-29T02:36Z,,1,0,1,8,1,-2,1,,9,,,
1996-09-29T04:16Z,2.61799387799149,1,2.6,1,6,1,-4,1,,9,,,
1996-09-29T04:36Z,4.71238898038469,1,2.1,1,5,1,-4,1,,9,,,
1996-09-29T05:36Z,,1,0,1,4,1,-3,1,,9,,,
1996-09-29T06:36Z,,1,0,1,4,1,-4,1,,9,,,
1996-09-29T07:36Z,2.26892802759263,1,2.1,1,5,1,-6,1,,9,,,
1996-09-29T08:36Z,4.71238898038469,1,1.5,1,3,1,-7,1,,9,,,
1996-09-29T09:36Z,4.01425727958696,1,2.6,1,4,1,-6,1,,9,,,
1996-09-29T11:16Z,4.01425727958696,1,2.1,1,3,1,-5,1,,9,,,
1996-09-29T11:36Z,,1,0,1,4,1,-6,1,,9,,,
1996-09-29T12:36Z,,1,0,1,3,1,-7,1,,9,,,
1996-09-29T14:16Z,,1,0,1,2,1,-6,1,,9,,,
1996-09-29T14:35Z,5.58505360638185,1,1.5,1,2,1,-6,1,,9,,,
1996-09-29T15:36Z,,1,0,1,2,1,-5,1,,9,,,
1996-09-29T16:36Z,,1,0,1,2,1,-6,1,,9,,,
1996-09-29T17:35Z,2.79252680319093,1,2.1,1,4,1,-6,1,,9,,,
1996-09-29T18:35Z,1.91986217719376,1,3.6,1,6,1,-7,1,,9,,,
1996-09-29T19:36Z,1.5707963267949,1,5.1,1,7,1,-7,1,,9,,,
1996-09-29T20:36Z,1.0471975511966,1,2.6,1,8,1,-8,1,,9,,,
1996-09-29T21:36Z,,1,0,1,8,1,-8,1,,9,,,
1996-09-29T22:36Z,3.14159265358979,1,6.2,1,9,1,-8,1,,9,,,
1996-09-29T23:35Z,3.49065850398866,1,4.6,1,9,1,-10,1,,9,,,
1996-09-30T00:35Z,3.31612557878923,1,6.7,1,9,1,-8,1,,9,,,
1996-09-30T01:35Z,0.349065850398866,1,2.1,1,8,1,-7,1,,9,,,
1996-09-30T02:35Z,6.10865238198015,1,3.1,1,8,1,-8,1,,9,,,
1996-09-30T03:35Z,3.31612557878923,1,2.1,1,6,1,-7,1,,9,,,
1996-09-30T04:35Z,,1,0,1,3,1,-8,1,,9,,,
1996-09-30T05:35Z,,1,0,1,3,1,-6,1,,9,,,
1996-09-30T06:35Z,4.53785605518526,1,2.6,1,4,1,-7,1,,9,,,
1996-09-30T07:35Z,,1,0,1,2,1,-6,1,,9,,,
1996-09-30T08:35Z,3.14159265358979,1,2.6,1,1,1,-6,1,,9,,,
1996-09-30T10:15Z,,1,0,1,-1,1,-5,1,,9,,,
1996-09-30T10:35Z,,1,0,1,-1,1,-4,1,,9,,,
1996-09-30T11:36Z,3.66519142918809,1,1.5,1,-2,1,-5,1,,9,,,
1996-09-30T12:35Z,2.61799387799149,1,2.1,1,-1,1,-6,1,,9,,,
1996-09-30T14:00Z,2.96705972839036,1,2.1,1,-2,1,-6,1,,9,,,
1996-09-30T14:35Z,,1,0,1,-2,1,-5,1,,9,,,
1996-09-30T15:35Z,,1,0,1,-2,1,-4,1,,9,,,
1996-09-30T16:35Z,,1,0,1,-1,1,-4,1,,9,,,
1996-09-30T17:35Z,,1,0,1,0,1,-4,1,,9,,,
1996-09-30T18:35Z,,1,0,1,2,1,-4,1,,9,,,
1996-09-30T19:35Z,,1,0,1,4,1,-6,1,,9,,,
1996-09-30T20:35Z,,1,0,1,5,1,-7,1,,9,,,
1996-09-30T21:35Z,6.10865238198015,1,1.5,1,6,1,-6,1,,9,,,
1996-09-30T23:00Z,0.349065850398866,1,2.1,1,5,1,-5,1,,9,,,
1996-09-30T23:35Z,0.174532925199433,1,2.1,1,5,1,-6,1,,9,,,
1996-10-01T00:35Z,6.10865238198015,1,1.5,1,6,1,-4,1,,9,,,
1996-10-01T01:35Z,,1,0,1,6,1,-4,1,,9,,,
1996-10-01T02:35Z,2.79252680319093,1,2.1,1,4,1,-3,1,,9,,,
1996-10-01T04:15Z,,1,0,1,4,1,-3,1,,9,,,
1996-10-01T05:00Z,,1,0,1,4,1,-2,1,,9,,,
1996-10-01T05:35Z,,1,0,1,3,1,-2,1,,9,,,
1996-10-01T06:35Z,3.66519142918809,1,1.5,1,3,1,-3,1,,9,,,
1996-10-01T08:15Z,4.53785605518526,1,1.5,1,2,1,-3,1,,9,,,
1996-10-01T08:35Z,2.96705972839036,1,2.6,1,2,1,-2,1,,9,,,
1996-10-01T09:35Z,,1,0,1,2,1,-2,1,,9,,,
1996-10-01T11:15Z,2.79252680319093,1,1.5,1,2,1,-2,1,,9,,,
1996-10-01T11:35Z,3.14159265358979,1,1.5,1,1,1,-3,1,,9,,,
1996-10-01T12:35Z,3.83972435438753,1,2.1,1,2,1,-2,1,,9,,,
1996-10-01T14:00Z,2.79252680319093,1,2.6,1,3,1,-3,1,,9,,,
1996-10-01T14:35Z,,1,0,1,3,1,-3,1,,9,,,
1996-10-01T15:35Z,,1,0,1,3,1,-2,1,,9,,,
1996-10-01T17:15Z,2.0943951023932,1,2.6,1,4,1,-3,1,,9,,,
1996-10-01T17:35Z,,1,0,1,4,1,-3,1,,9,,,
1996-10-01T19:00Z,,1,0,1,6,1,-4,1,,9,,,
1996-10-01T20:15Z,5.93411945678072,1,2.6,1,7,1,-5,1,,9,,,
1996-10-01T20:35Z,,1,0,1,7,1,-5,1,,9,,,
1996-10-01T21:35Z,1.74532925199433,1,1.5,1,8,1,-4,1,,9,,,
1996-10-01T22:35Z,,1,0,1,8,1,-6,1,,9,,,
1996-10-01T23:35Z,2.96705972839036,1,2.6,1,9,1,-5,1,,9,,,
1996-10-02T00:35Z,2.96705972839036,1,2.1,1,9,1,-5,1,,9,,,
1996-10-02T01:35Z,2.61799387799149,1,2.1,1,8,1,-6,1,,9,,,
1996-10-02T02:35Z,,1,0,1,8,1,-6,1,,9,,,
1996-10-02T03:35Z,0.349065850398866,1,1.5,1,7,1,-5,1,,9,,,
1996-10-02T04:35Z,1.39626340159546,1,2.1,1,6,1,-4,1,,9,,,
1996-10-02T05:35Z,4.01425727958696,1,1.5,1,6,1,-5,1,,9,,,
1996-10-02T06:35Z,2.0943951023932,1,2.6,1,6,1,-4,1,,9,,,
1996-10-02T07:34Z,,1,0,1,6,1,-4,1,,9,,,
1996-10-02T08:34Z,4.01425727958696,1,2.1,1,6,1,-3,1,,9,,,
1996-10-02T09:34Z,1.0471975511966,1,1.5,1,6,1,-4,1,,9,,,
1996-10-02T11:14Z,3.49065850398866,1,1.5,1,4,1,-6,1,,9,,,
1996-10-02T11:34Z,,1,0,1,4,1,-6,1,,9,,,
1996-10-02T12:34Z,,1,0,1,3,1,-5,1,,9,,,
1996-10-02T13:35Z,,1,0,1,3,1,-6,1,,9,,,
1996-10-02T15:14Z,0.349065850398866,1,1.5,1,3,1,-7,1,,9,,,
1996-10-02T15:34Z,5.75958653158129,1,1.5,1,3,1,-6,1,,9,,,
1996-10-02T16:34Z,4.71238898038469,1,2.1,1,6,1,-7,1,,9,,,
1996-10-02T18:14Z,3.66519142918809,1,4.1,1,8,1,-7,1,,9,,,
1996-10-02T18:34Z,4.71238898038469,1,6.2,1,8,1,-8,1,,9,,,
1996-10-02T19:34Z,4.01425727958696,1,11.3,1,9,1,-9,1,,9,,,
1996-10-02T20:34Z,3.14159265358979,1,10.8,1,9,1,-9,1,,9,,,
1996-10-02T22:14Z,3.31612557878923,1,9.8,1,8,1,-8,1,,9,,,
1996-10-02T22:34Z,3.49065850398866,1,12.3,1,8,1,-8,1,,9,,,
1996-10-02T23:34Z,3.31612557878923,1,10.8,1,8,1,-8,1,,9,,,
1996-10-03T00:34Z,3.66519142918809,1,10.8,1,9,1,-8,1,,9,,,
1996-10-03T02:15Z,3.14159265358979,1,11.8,1,8,1,-9,1,,9,,,
1996-10-03T02:35Z,3.31612557878923,1,9.8,1,8,1,-9,1,,9,,,
1996-10-03T03:34Z,3.66519142918809,1,11.3,1,8,1,-9,1,,9,,,
1996-10-03T05:14Z,3.66519142918809,1,9.8,1,8,1,-9,1,,9,,,
1996-10-03T05:54Z,3.49065850398866,1,8.7,1,8,1,-9,1,,9,,,
1996-10-03T06:54Z,3.66519142918809,1,10.3,1,7,1,-9,1,,9,,,
1996-10-03T07:34Z,3.49065850398866,1,10.8,1,7,1,-8,1,,9,,,
1996-10-03T08:34Z,3.31612557878923,1,10.8,1,7,1,-7,1,,9,,,
1996-10-03T09:34Z,3.31612557878923,1,14.9,1,7,1,-7,1,,9,,,
1996-10-03T10:34Z,3.66519142918809,1,9.8,1,8,1,-7,1,,9,,,
1996-10-03T11:34Z,3.31612557878923,1,2.6,1,7,1,-7,1,,9,,,
1996-10-03T12:34Z,2.26892802759263,1,1.5,1,8,1,-7,1,,9,,,
1996-10-03T14:14Z,3.66519142918809,1,2.1,1,7,1,-4,1,,9,,,
1996-10-03T14:34Z,3.83972435438753,1,1.5,1,6,1,-4,1,,9,,,
1996-10-03T15:34Z,5.58505360638185,1,3.6,1,4,1,-4,1,,9,,,
1996-10-03T16:35Z,5.06145483078356,1,3.1,1,3,1,-3,1,,9,,,
1996-10-03T17:34Z,4.71238898038469,1,2.6,1,4,1,-3,1,,9,,,
1996-10-03T18:35Z,1.91986217719376,1,2.1,1,4,1,-4,1,,9,,,
1996-10-03T20:14Z,4.88692190558412,1,1.5,1,7,1,-5,1,,9,,,
1996-10-03T20:34Z,,1,0,1,7,1,-6,1,,9,,,
1996-10-03T21:54Z,2.61799387799149,1,4.1,1,8,1,-5,1,,9,,,
1996-10-03T22:34Z,,1,0,1,8,1,-5,1,,9,,,
1996-10-03T23:34Z,3.31612557878923,1,4.6,1,8,1,-5,1,,9,,,
1996-10-04T00:35Z,4.01425727958696,1,2.1,1,9,1,-6,1,,9,,,
1996-10-04T01:35Z,6.10865238198015,1,2.6,1,8,1,-7,1,,9,,,
1996-10-04T02:34Z,5.41052068118242,1,1.5,1,8,1,-6,1,,9,,,
1996-10-04T04:14Z,5.58505360638185,1,2.6,1,7,1,-7,1,,9,,,
1996-10-04T04:54Z,,1,0,1,7,1,-6,1,,9,,,
1996-10-04T05:34Z,4.71238898038469,1,2.6,1,7,1,-6,1,,9,,,
1996-10-04T06:34Z,,1,0,1,7,1,-6,1,,9,,,
1996-10-04T07:34Z,0.872664625997165,1,1.5,1,7,1,-6,1,,9,,,
1996-10-04T08:34Z,,1,0,1,6,1,-6,1,,9,,,
1996-10-04T09:35Z,5.93411945678072,1,1.5,1,7,1,-6,1,,9,,,
1996-10-04T10:34Z,,1,0,1,6,1,-7,1,,9,,,
1996-10-04T11:34Z,,1,0,1,5,1,-7,1,,9,,,
1996-10-04T13:14Z,3.31612557878923,1,3.1,1,6,1,-6,1,,9,,,
1996-10-04T14:00Z,4.36332312998582,1,2.6,1,6,1,-6,1,,9,,,
1996-10-04T14:34Z,4.88692190558412,1,2.6,1,6,1,-7,1,,9,,,
1996-10-04T15:34Z,5.23598775598299,1,3.1,1,7,1,-7,1,,9,,,
1996-10-04T16:34Z,3.66519142918809,1,3.1,1,7,1,-8,1,,9,,,
1996-10-04T17:54Z,3.14159265358979,1,7.2,1,7,1,-9,1,,9,,,
1996-10-04T18:35Z,4.88692190558412,1,4.1,1,8,1,-9,1,,9,,,
1996-10-04T19:34Z,3.83972435438753,1,6.7,1,8,1,-9,1,,9,,,
1996-10-04T20:34Z,4.18879020478639,1,9.3,1,10,1,-9,1,,9,,,
1996-10-04T21:34Z,2.96705972839036,1,10.3,1,9,1,-9,1,,9,,,
1996-10-04T22:34Z,3.31612557878923,1,13.9,1,9,1,-9,1,,9,,,
1996-10-04T23:34Z,2.79252680319093,1,9.3,1,9,1,-9,1,,9,,,
1996-10-05T00:34Z,3.49065850398866,1,10.3,1,9,1,-9,1,,9,,,
1996-10-05T01:35Z,3.66519142918809,1,6.2,1,9,1,-10,1,,9,,,
1996-10-05T02:34Z,2.96705972839036,1,7.7,1,9,1,-10,1,,9,,,
1996-10-05T04:14Z,4.71238898038469,1,1.5,1,8,1,-10,1,,9,,,
1996-10-05T04:34Z,4.01425727958696,1,3.1,1,8,1,-11,1,,9,,,
1996-10-05T05:34Z,3.66519142918809,1,4.6,1,8,1,-11,1,,9,,,
1996-10-05T06:34Z,4.01425727958696,1,2.6,1,6,1,-9,1,,9,,,
1996-10-05T07:34Z,,1,0,1,6,1,-10,1,,9,,,
1996-10-05T08:34Z,0.349065850398866,1,1.5,1,6,1,-10,1,,9,,,
1996-10-05T09:34Z,2.96705972839036,1,4.6,1,6,1,-9,1,,9,,,
1996-10-05T10:34Z,3.14159265358979,1,5.7,1,6,1,-10,1,,9,,,
1996-10-05T11:34Z,5.41052068118242,1,1.5,1,5,1,-9,1,,9,,,
1996-10-05T12:34Z,4.18879020478639,1,3.6,1,5,1,-9,1,,9,,,
1996-10-05T14:14Z,3.83972435438753,1,3.6,1,4,1,-9,1,,9,,,
1996-10-05T14:34Z,3.66519142918809,1,4.1,1,4,1,-9,1,,9,,,
1996-10-05T15:34Z,,1,0,1,4,1,-9,1,,9,,,
1996-10-05T16:34Z,3.66519142918809,1,2.6,1,3,1,-9,1,,9,,,
1996-10-05T17:34Z,3.31612557878923,1,2.6,1,3,1,-8,1,,9,,,
1996-10-05T18:34Z,3.49065850398866,1,2.1,1,4,1,-8,1,,9,,,
1996-10-05T20:14Z,2.44346095279206,1,3.1,1,7,1,-9,1,,9,,,
1996-10-05T20:34Z,2.26892802759263,1,2.6,1,7,1,-9,1,,9,,,
1996-10-05T21:34Z,3.14159265358979,1,2.6,1,7,1,-8,1,,9,,,
1996-10-05T22:34Z,1.74532925199433,1,2.1,1,8,1,-9,1,,9,,,
1996-10-05T23:34Z,1.91986217719376,1,2.1,1,8,1,-8,1,,9,,,
1996-10-06T00:34Z,1.74532925199433,1,2.6,1,8,1,-8,1,,9,,,
1996-10-06T02:14Z,2.61799387799149,1,2.1,1,8,1,-6,1,,9,,,
1996-10-06T02:34Z,,1,0,1,8,1,-6,1,,9,,,
1996-10-06T03:34Z,,1,0,1,7,1,-6,1,,9,,,
1996-10-06T04:35Z,,1,0,1,7,1,-6,1,,9,,,
1996-10-06T05:34Z,,1,0,1,6,1,-4,1,,9,,,
1996-10-06T06:34Z,,1,0,1,4,1,-5,1,,9,,,
1996-10-06T08:14Z,2.0943951023932,1,1.5,1,3,1,-3,1,,9,,,
1996-10-06T08:34Z,4.36332312998582,1,1.5,1,3,1,-3,1,,9,,,
1996-10-06T09:35Z,3.14159265358979,1,2.1,1,2,1,-3,1,,9,,,
1996-10-06T10:34Z,,1,0,1,1,1,-3,1,,9,,,
1996-10-06T11:35Z,2.0943951023932,1,1.5,1,0,1,-3,1,,9,,,
1996-10-06T12:34Z,,1,0,1,-1,1,-3,1,,9,,,
1996-10-06T14:14Z,2.79252680319093,1,2.1,1,-1,1,-4,1,,9,,,
1996-10-06T14:34Z,,1,0,1,-1,1,-3,1,,9,,,
1996-10-06T15:34Z,,1,0,1,-1,1,-3,1,,9,,,
1996-10-06T18:14Z,,1,0,1,2,1,-1,1,,9,,,
1996-10-06T18:34Z,2.0943951023932,1,3.6,1,5,1,-3,1,,9,,,
1996-10-06T19:34Z,3.49065850398866,1,2.6,1,7,1,-4,1,,9,,,
1996-10-06T20:34Z,4.18879020478639,1,2.6,1,9,1,-3,1,,9,,,
1996-10-06T21:34Z,2.96705972839036,1,1.5,1,11,1,-3,1,,9,,,
1996-10-06T23:15Z,3.31612557878923,1,7.7,1,14,1,-4,1,,9,,,
1996-10-07T00:14Z,3.66519142918809,1,7.2,1,14,1,-4,1,,9,,,
1996-10-07T00:34Z,3.31612557878923,1,7.7,1,14,1,-4,1,,9,,,
1996-10-07T01:34Z,3.49065850398866,1,7.2,1,13,1,-4,1,,9,,,
1996-10-07T02:34Z,4.01425727958696,1,4.1,1,13,1,-4,1,,9,,,
1996-10-07T03:34Z,5.75958653158129,1,2.1,1,11,1,-4,1,,9,,,
1996-10-07T04:34Z,5.58505360638185,1,1.5,1,11,1,-5,1,,9,,,
1996-10-07T05:34Z,0.872664625997165,1,1.5,1,9,1,-4,1,,9,,,
1996-10-07T06:34Z,,1,0,1,11,1,-4,1,,9,,,
1996-10-07T07:34Z,4.71238898038469,1,2.6,1,10,1,-4,1,,9,,,
1996-10-07T08:34Z,4.53785605518526,1,2.1,1,9,1,-3,1,,9,,,
1996-10-07T09:34Z,,1,0,1,9,1,-3,1,,9,,,
1996-10-07T10:34Z,2.26892802759263,1,5.7,1,8,1,-3,1,,9,,,
1996-10-07T11:34Z,2.79252680319093,1,4.1,1,8,1,-2,1,,9,,,
1996-10-07T12:34Z,,1,0,1,8,1,-2,1,,9,,,
1996-10-07T13:35Z,3.31612557878923,1,4.1,1,8,1,-1,1,,9,,,
1996-10-07T14:34Z,3.49065850398866,1,3.6,1,7,1,0,1,,9,,,
1996-10-07T15:34Z,,1,0,1,7,1,-1,1,,9,,,
1996-10-07T16:34Z,,1,0,1,8,1,-2,1,,9,,,
1996-10-07T17:34Z,6.10865238198015,1,1.5,1,8,1,-2,1,,9,,,
1996-10-07T19:15Z,1.91986217719376,1,3.6,1,9,1,-1,1,,9,,,
1996-10-07T19:34Z,3.31612557878923,1,1.5,1,9,1,-1,1,,9,,,
1996-10-07T20:34Z,4.88692190558412,1,1.5,1,9,1,-1,1,,9,,,
1996-10-07T21:34Z,4.71238898038469,1,2.6,1,10,1,-1,1,,9,,,
1996-10-07T22:34Z,2.26892802759263,1,5.7,1,10,1,-1,1,,9,,,
1996-10-07T23:34Z,2.26892802759263,1,5.1,1,9,1,0,1,,9,,,
1996-10-08T00:34Z,3.49065850398866,1,2.6,1,8,1,1,1,,9,,,
1996-10-08T01:54Z,2.79252680319093,1,2.6,1,8,1,1,1,,9,,,
1996-10-08T02:34Z,2.79252680319093,1,4.1,1,8,1,1,1,,9,,,
1996-10-08T03:34Z,3.14159265358979,1,2.6,1,7,1,1,1,,9,,,
1996-10-08T04:34Z,,1,0,1,7,1,1,1,,9,,,
1996-10-08T05:34Z,,1,0,1,7,1,1,1,,9,,,
1996-10-08T06:35Z,3.31612557878923,1,1.5,1,7,1,1,1,,9,,,
1996-10-08T07:35Z,3.66519142918809,1,1.5,1,6,1,1,1,,9,,,
1996-10-08T08:34Z,,1,0,1,6,1,1,1,,9,,,
1996-10-08T09:34Z,,1,0,1,6,1,1,1,,9,,,
1996-10-08T10:34Z,,1,0,1,6,1,2,1,,9,,,
1996-10-08T11:54Z,3.83972435438753,1,1.5,1,6,1,2,1,,9,,,
1996-10-08T12:34Z,,1,0,1,6,1,2,1,,9,,,
1996-10-08T13:34Z,,1,0,1,5,1,3,1,,9,,,
1996-10-08T14:34Z,3.14159265358979,1,1.5,1,5,1,2,1,,9,,,
1996-10-08T15:34Z,3.31612557878923,1,2.1,1,5,1,3,1,,9,,,
1996-10-08T17:15Z,0.349065850398866,1,2.1,1,6,1,3,1,,9,,,
1996-10-08T17:34Z,5.58505360638185,1,1.5,1,6,1,3,1,,9,,,
1996-10-08T19:15Z,,1,0,1,7,1,3,1,,9,,,
1996-10-08T19:35Z,,1,0,1,7,1,5,1,,9,,,
1996-10-08T20:35Z,,1,0,1,7,1,4,1,,9,,,
1996-10-08T21:34Z,,1,0,1,7,1,4,1,,9,,,
1996-10-08T22:34Z,,1,0,1,7,1,4,1,,9,,,
1996-10-08T23:54Z,,1,0,1,7,1,5,1,,9,,,
1996-10-09T00:35Z,,1,0,1,7,1,4,1,,9,,,
1996-10-09T01:35Z,0.523598775598299,1,1.5,1,7,1,4,1,,9,,,
1996-10-09T02:34Z,0,1,1.5,1,7,1,4,1,,9,,,
1996-10-09T03:34Z,3.14159265358979,1,1.5,1,6,1,5,1,,9,,,
1996-10-09T04:34Z,,1,0,1,6,1,6,1,,9,,,
1996-10-09T06:14Z,,1,0,1,6,1,4,1,,9,3e-04,1,3600
1996-10-09T06:34Z,,1,0,1,6,1,4,1,,9,3e-04,1,3600
1996-10-09T07:34Z,,1,0,1,6,1,5,1,,9,5e-04,1,3600
